;Product Group key;Product Group key2;Product Group key3;Product Group key4;Product Group key5;FAM DETTAGLIATA (Description);FAM AGGREGATA (Description);MARCHIO (Description);GRUPPO MARCHIO (Description);PACKAGING (Description);SOTTO-TECNO (Description);PRODOTTO (Description);CANALE DISTRIB (Description);CLASSE COGE (Description);FAM MARKETING (Description);BIOLOGICO (Description);GRUPPO MARCA COGE (Description);Cluster;Centroid
0;GLA006BND100FS;FRABNDASTELA;FRABNDASTE;FRABND;FRA01;LAITUE;ASTERIX;BONDUELLE;BONDUELLE;0100                       N/A;SALADES;MINI LAITUE VERTE;ARTICLES GP;PFC+ FRAIS;M'AMA NON M'AMA;NO;BND;5;('GKC005ESB100FS',)
1;GBA001BND060FS;FRABNDBOUQBA;FRABNDBOUQ;FRABND;FRA01;MACHE 4G;BOUQUETS;BONDUELLE;BONDUELLE;0060                       N/A;SALADES;MACHE;ARTICLES GP;PFC+ FRAIS;JEUNES POUSSES MONO;NO;BND;8;('GWF021CAE180FS',)
2;GBA001BND060SS;FRABNDBOUQBA;FRABNDBOUQ;FRABND;FRA01;MACHE 4G;BOUQUETS;BONDUELLE;BONDUELLE;0060                       N/A;SALADES;MACHE;ARTICLES GP;PFC+ FRAIS;JEUNES POUSSES MONO;NO;BND;9;('GWM007NTA150FS',)
3;GBA001BND160FS;FRABNDBOUQBA;FRABNDBOUQ;FRABND;FRA01;MACHE 4G;BOUQUETS;BONDUELLE;BONDUELLE;0160                       N/A;SALADES;MACHE;ARTICLES GP;PFC+ FRAIS;JEUNES POUSSES MONO;NO;BND;3;('TBG001BND180BV',)
4;GBA001BND250FS;FRABNDBOUQBA;FRABNDBOUQ;FRABND;FRA01;MACHE 4G;BOUQUETS;BONDUELLE;BONDUELLE;0250                       N/A;SALADES;MACHE;ARTICLES GP;PFC+ FRAIS;JEUNES POUSSES MONO;NO;BND;5;('GKC005ESB100FS',)
5;GBA005BND080FS;FRABNDBOUQBA;FRABNDBOUQ;FRABND;FRA01;MACHE 4G;BOUQUETS;BONDUELLE;BONDUELLE;0080                       N/A;SALADES;MACHE 24H;ARTICLES GP;PFC+ FRAIS;JEUNES POUSSES CONTADINO;NO;BND;10;('GBA005BND080FS',)
6;TBG001BND180BV;FRABNDBURGBG;FRABNDBURG;FRABND;FRA01;BURGER;BURGER;BONDUELLE;BONDUELLE;0180                       180;LIBRE SERVICE;BURGER BOULGHOUR COURGETTE BIO;ARTICLES GP;PFC+ TRAITEUR;BURGER BIO;YES;BUR;3;('TBG001BND180BV',)
7;TBG002BND180BV;FRABNDBURGBG;FRABNDBURG;FRABND;FRA01;BURGER;BURGER;BONDUELLE;BONDUELLE;0180                       180;LIBRE SERVICE;BURGER MILLET AUBERGINE BIO;ARTICLES GP;PFC+ TRAITEUR;BURGER BIO;YES;BUR;3;('TBG001BND180BV',)
8;TBG003BND180BV;FRABNDBURGBG;FRABNDBURG;FRABND;FRA01;BURGER;BURGER;BONDUELLE;BONDUELLE;0180                       180;LIBRE SERVICE;BURGER SARRASIN BETTERAVE BIO;ARTICLES GP;PFC+ TRAITEUR;BURGER BIO;YES;BUR;3;('TBG001BND180BV',)
9;TBG004BND180BV;FRABNDBURGBG;FRABNDBURG;FRABND;FRA01;BURGER;BURGER;BONDUELLE;BONDUELLE;0180                       180;LIBRE SERVICE;BURGER BOULGHOUR BROCOLIS BIO;ARTICLES GP;PFC+ TRAITEUR;BURGER BIO;YES;BUR;3;('TBG001BND180BV',)
10;GCH004BND150DM;FRABNDCAROCH;FRABNDCARO;FRABND;FRA01;GROSSES CAROTTES;CAROTTES;BONDUELLE;BONDUELLE;0150                       N/A;LEGUMES;CAROTTE BIO;ARTICLES GP;PFC+ FRAIS;BIOLOGICO;YES;BND;8;('GWF021CAE180FS',)
11;GCH006BND200FS;FRABNDCAROCH;FRABNDCARO;FRABND;FRA01;GROSSES CAROTTES;CAROTTES;BONDUELLE;BONDUELLE;0200                       N/A;LEGUMES;CAROTTES JULIENNES;ARTICLES GP;PFC+ FRAIS;ARRICCHITORI;NO;BND;5;('GKC005ESB100FS',)
12;GEP005BND250FS;FRABNDEPINEP;FRABNDEPIN;FRABND;FRA01;EPINARDS;EPINARDS;BONDUELLE;BONDUELLE;0250                       N/A;SALADES;EPINARD VAPEUR;ARTICLES GP;PFC+ FRAIS;A TUTTO VAPORE;NO;BND;9;('GWM007NTA150FS',)
13;GEP006BND400FS;FRABNDEPINEP;FRABNDEPIN;FRABND;FRA01;EPINARDS;EPINARDS;BONDUELLE;BONDUELLE;0400                       N/A;SALADES;EPINARD A CUIRE;ARTICLES GP;PFC+ FRAIS;DA CUOCERE;NO;BND;5;('GKC005ESB100FS',)
14;GEP007BND370FS;FRABNDEPINEP;FRABNDEPIN;FRABND;FRA01;EPINARDS;EPINARDS;BONDUELLE;BONDUELLE;0370                       N/A;SALADES;EPINARD VAPEUR BIO;ARTICLES GP;PFC+ FRAIS;BIOLOGICO;YES;BND;1;('GCO002BNR300FS',)
15;GCO002BND060SS;FRABNDJPOUCO;FRABNDJPOU;FRABND;FRA01;ROQUETTE;JEUNES POUSSES;BONDUELLE;BONDUELLE;0060                       N/A;SALADES;ROQUETTE;ARTICLES GP;PFC+ FRAIS;JEUNES POUSSES MONO;NO;BND;7;('GWJ012BND080FS',)
16;GCO002BND080FS;FRABNDJPOUCO;FRABNDJPOU;FRABND;FRA01;ROQUETTE;JEUNES POUSSES;BONDUELLE;BONDUELLE;0080                       N/A;SALADES;ROQUETTE;ARTICLES GP;PFC+ FRAIS;JEUNES POUSSES MONO;NO;BND;7;('GWJ012BND080FS',)
17;GCO002BND100FS;FRABNDJPOUCO;FRABNDJPOU;FRABND;FRA01;ROQUETTE;JEUNES POUSSES;BONDUELLE;BONDUELLE;0100                       N/A;SALADES;ROQUETTE;ARTICLES GP;PFC+ FRAIS;JEUNES POUSSES MONO;NO;BND;9;('GWM007NTA150FS',)
18;GCO002BND160FS;FRABNDJPOUCO;FRABNDJPOU;FRABND;FRA01;ROQUETTE;JEUNES POUSSES;BONDUELLE;BONDUELLE;0160                       N/A;SALADES;ROQUETTE;ARTICLES GP;PFC+ FRAIS;JEUNES POUSSES MONO;NO;BND;7;('GWJ012BND080FS',)
19;GCO002BND250FS;FRABNDJPOUCO;FRABNDJPOU;FRABND;FRA01;ROQUETTE;JEUNES POUSSES;BONDUELLE;BONDUELLE;0250                       N/A;SALADES;ROQUETTE;ARTICLES GP;PFC+ FRAIS;JEUNES POUSSES MONO;NO;BND;9;('GWM007NTA150FS',)
20;GCO005BND090FS;FRABNDJPOUCO;FRABNDJPOU;FRABND;FRA01;ROQUETTE;JEUNES POUSSES;BONDUELLE;BONDUELLE;0090                       N/A;SALADES;JP ROQUETTE 24H;ARTICLES GP;PFC+ FRAIS;JEUNES POUSSES CONTADINO;NO;BND;7;('GWJ012BND080FS',)
21;GLA001BND150FS;FRABNDLAITLA;FRABNDLAIT;FRABND;FRA01;LAITUE;LAITUE;BONDUELLE;BONDUELLE;0150                       N/A;SALADES;COEUR DE LAITUE;ARTICLES GP;PFC+ FRAIS;ADULTE MONO;NO;BND;7;('GWJ012BND080FS',)
22;GLI002BND100FS;FRABNDLAITLI;FRABNDLAIT;FRABND;FRA01;ICEBERG;LAITUE;BONDUELLE;BONDUELLE;0100                       N/A;SALADES;LAITUE ICEBERG;ARTICLES GP;PFC+ FRAIS;ADULTE MONO;NO;BND;9;('GWM007NTA150FS',)
23;GLI002BND200FS;FRABNDLAITLI;FRABNDLAIT;FRABND;FRA01;ICEBERG;LAITUE;BONDUELLE;BONDUELLE;0200                       N/A;SALADES;LAITUE ICEBERG;ARTICLES GP;PFC+ FRAIS;ADULTE MONO;NO;BND;2;('GLI002BND200FS',)
24;GLV001BND060SS;FRABNDLAITLV;FRABNDLAIT;FRABND;FRA01;BATAVIA V;LAITUE;BONDUELLE;BONDUELLE;0060                       N/A;SALADES;BATAVIA;ARTICLES GP;PFC+ FRAIS;JEUNES POUSSES MONO;NO;BND;7;('GWJ012BND080FS',)
25;GLV001BND080FS;FRABNDLAITLV;FRABNDLAIT;FRABND;FRA01;BATAVIA V;LAITUE;BONDUELLE;BONDUELLE;0080                       N/A;SALADES;BATAVIA;ARTICLES GP;PFC+ FRAIS;JEUNES POUSSES MONO;NO;BND;7;('GWJ012BND080FS',)
26;GLV001BND160FS;FRABNDLAITLV;FRABNDLAIT;FRABND;FRA01;BATAVIA V;LAITUE;BONDUELLE;BONDUELLE;0160                       N/A;SALADES;BATAVIA;ARTICLES GP;PFC+ FRAIS;JEUNES POUSSES MONO;NO;BND;7;('GWJ012BND080FS',)
27;GLV005BND080DM;FRABNDLAITLV;FRABNDLAIT;FRABND;FRA01;BATAVIA V;LAITUE;BONDUELLE;BONDUELLE;0080                       N/A;SALADES;BATAVIA VERTE BIO;ARTICLES GP;PFC+ FRAIS;BIOLOGICO;YES;BND;8;('GWF021CAE180FS',)
28;GLV008BND090FS;FRABNDLAITLV;FRABNDLAIT;FRABND;FRA01;BATAVIA V;LAITUE;BONDUELLE;BONDUELLE;0090                       N/A;SALADES;BATAVIA 24H;ARTICLES GP;PFC+ FRAIS;JEUNES POUSSES CONTADINO;NO;BND;5;('GKC005ESB100FS',)
29;GWA003BND100FS;FRABNDMESAWA;FRABNDMESA;FRABND;FRA01;MEL SALADES ASTERIX;MELANGES SALADES;BONDUELLE;BONDUELLE;0100                       N/A;SALADES;TRIO FDC V/LOLLO V/LOLLO R;ARTICLES GP;PFC+ FRAIS;M'AMA NON M'AMA;NO;BND;5;('GKC005ESB100FS',)
30;GWC012BND180FS;FRABNDMESAWC;FRABNDMESA;FRABND;FRA01;MEL SALADES CHICOREE ADULTES;MELANGES SALADES;BONDUELLE;BONDUELLE;0180                       N/A;SALADES;SALADE MIXTE;ARTICLES GP;PFC+ FRAIS;ADULTE MISTE;NO;BND;9;('GWM007NTA150FS',)
31;GWC012BND200FS;FRABNDMESAWC;FRABNDMESA;FRABND;FRA01;MEL SALADES CHICOREE ADULTES;MELANGES SALADES;BONDUELLE;BONDUELLE;0200                       N/A;SALADES;SALADE MIXTE;ARTICLES GP;PFC+ FRAIS;ADULTE MISTE;NO;BND;7;('GWJ012BND080FS',)
32;GWF010BND125SS;FRABNDMESAWF;FRABNDMESA;FRABND;FRA01;MEL SALADES TP+AD+CRUDITE;MELANGES SALADES;BONDUELLE;BONDUELLE;0125                       N/A;SALADES;MELANGE VIVACE;ARTICLES GP;PFC+ FRAIS;INSALATE + CRUDITE;NO;BND;5;('GKC005ESB100FS',)
33;GWF018BND200FS;FRABNDMESAWF;FRABNDMESA;FRABND;FRA01;MEL SALADES TP+AD+CRUDITE;MELANGES SALADES;BONDUELLE;BONDUELLE;0200                       N/A;SALADES;VIVACE;ARTICLES GP;PFC+ FRAIS;INSALATE + CRUDITE;NO;BND;7;('GWJ012BND080FS',)
34;GWF019BND080DM;FRABNDMESAWF;FRABNDMESA;FRABND;FRA01;MEL SALADES TP+AD+CRUDITE;MELANGES SALADES;BONDUELLE;BONDUELLE;0080                       N/A;SALADES;SAPORITA;ARTICLES GP;PFC+ FRAIS;INSALATE + CRUDITE;NO;BND;1;('GCO002BNR300FS',)
35;GWF019BND080FS;FRABNDMESAWF;FRABNDMESA;FRABND;FRA01;MEL SALADES TP+AD+CRUDITE;MELANGES SALADES;BONDUELLE;BONDUELLE;0080                       N/A;SALADES;SAPORITA;ARTICLES GP;PFC+ FRAIS;INSALATE + CRUDITE;NO;BND;6;('GLV001SLX080FS',)
36;GWF025BND120DM;FRABNDMESAWF;FRABNDMESA;FRABND;FRA01;MEL SALADES TP+AD+CRUDITE;MELANGES SALADES;BONDUELLE;BONDUELLE;0120                       N/A;SALADES;MISTA CROCCANTE BIO;ARTICLES GP;PFC+ FRAIS;BIOLOGICO;YES;BND;1;('GCO002BNR300FS',)
37;GWG022BND250FS;FRABNDMESAWG;FRABNDMESA;FRABND;FRA01;MEL SALADES AD+CRUDITE;MELANGES SALADES;BONDUELLE;BONDUELLE;0250                       N/A;SALADES;ICEBERG CAROTTES;ARTICLES GP;PFC+ FRAIS;INSALATE + CRUDITE;NO;BND;5;('GKC005ESB100FS',)
38;GWG025BND100FS;FRABNDMESAWG;FRABNDMESA;FRABND;FRA01;MEL SALADES AD+CRUDITE;MELANGES SALADES;BONDUELLE;BONDUELLE;0100                       N/A;SALADES;CROCCANTE;ARTICLES GP;PFC+ FRAIS;CDI CROCCANTE 100;NO;BND;7;('GWJ012BND080FS',)
39;GWG025BND230FS;FRABNDMESAWG;FRABNDMESA;FRABND;FRA01;MEL SALADES AD+CRUDITE;MELANGES SALADES;BONDUELLE;BONDUELLE;0230                       N/A;SALADES;CROCCANTE;ARTICLES GP;PFC+ FRAIS;INSALATE + CRUDITE;NO;BND;5;('GKC005ESB100FS',)
40;GWG026BND090FS;FRABNDMESAWG;FRABNDMESA;FRABND;FRA01;MEL SALADES AD+CRUDITE;MELANGES SALADES;BONDUELLE;BONDUELLE;0090                       N/A;SALADES;DELIZIOSA;ARTICLES GP;PFC+ FRAIS;INSALATE + CRUDITE;NO;BND;7;('GWJ012BND080FS',)
41;GWG026BND200FS;FRABNDMESAWG;FRABNDMESA;FRABND;FRA01;MEL SALADES AD+CRUDITE;MELANGES SALADES;BONDUELLE;BONDUELLE;0200                       N/A;SALADES;DELIZIOSA;ARTICLES GP;PFC+ FRAIS;INSALATE + CRUDITE;NO;BND;5;('GKC005ESB100FS',)
42;GWG027BND170FP;FRABNDMESAWG;FRABNDMESA;FRABND;FRA01;MEL SALADES AD+CRUDITE;MELANGES SALADES;BONDUELLE;BONDUELLE;0170                       N/A;SALADES;CAPRICCIOSA;ARTICLES GP;PFC+ FRAIS;JULIENNE;NO;BND;9;('GWM007NTA150FS',)
43;GWG028BND150FP;FRABNDMESAWG;FRABNDMESA;FRABND;FRA01;MEL SALADES AD+CRUDITE;MELANGES SALADES;BONDUELLE;BONDUELLE;0150                       N/A;SALADES;GUSTOSA;ARTICLES GP;PFC+ FRAIS;JULIENNE;NO;BND;5;('GKC005ESB100FS',)
44;GWG029BND125FS;FRABNDMESAWG;FRABNDMESA;FRABND;FRA01;MEL SALADES AD+CRUDITE;MELANGES SALADES;BONDUELLE;BONDUELLE;0125                       N/A;SALADES;GOLOSA;ARTICLES GP;PFC+ FRAIS;GUSTO E COLORE;NO;BND;9;('GWM007NTA150FS',)
45;GWJ009BND100FS;FRABNDMESAWJ;FRABNDMESA;FRABND;FRA01;MEL SALADES JP;MELANGES SALADES;BONDUELLE;BONDUELLE;0100                       N/A;SALADES;GRAN MIX;ARTICLES GP;PFC+ FRAIS;JEUNES POUSSES MISTE;NO;BND;7;('GWJ012BND080FS',)
46;GWJ012BND080FS;FRABNDMESAWJ;FRABNDMESA;FRABND;FRA01;MEL SALADES JP;MELANGES SALADES;BONDUELLE;BONDUELLE;0080                       N/A;SALADES;MYSTIQUE;ARTICLES GP;PFC+ FRAIS;JEUNES POUSSES MISTE;NO;BND;7;('GWJ012BND080FS',)
47;GWJ031BND080FS;FRABNDMESAWJ;FRABNDMESA;FRABND;FRA01;MEL SALADES JP;MELANGES SALADES;BONDUELLE;BONDUELLE;0080                       N/A;SALADES;MIX PRECIEUX;ARTICLES GP;PFC+ FRAIS;JEUNES POUSSES MISTE;NO;BND;8;('GWF021CAE180FS',)
48;GWJ032BND080FS;FRABNDMESAWJ;FRABNDMESA;FRABND;FRA01;MEL SALADES JP;MELANGES SALADES;BONDUELLE;BONDUELLE;0080                       N/A;SALADES;MIX LATTUGOSO;ARTICLES GP;PFC+ FRAIS;JEUNES POUSSES MISTE;NO;BND;7;('GWJ012BND080FS',)
49;GWJ033BND100FS;FRABNDMESAWJ;FRABNDMESA;FRABND;FRA01;MEL SALADES JP;MELANGES SALADES;BONDUELLE;BONDUELLE;0100                       N/A;SALADES;GRAN BIS LOLLO R ROMAINE VERTE;ARTICLES GP;PFC+ FRAIS;JEUNES POUSSES MISTE;NO;BND;9;('GWM007NTA150FS',)
50;GWL014BND110FS;FRABNDMESAWL;FRABNDMESA;FRABND;FRA01;MEL SALADES MACHE + ADULT + JP;MELANGES SALADES;BONDUELLE;BONDUELLE;0110                       N/A;SALADES;OSEILLE;ARTICLES GP;PFC+ FRAIS;PRIMIZIE;NO;BND;3;('TBG001BND180BV',)
51;GWM001BND150FS;FRABNDMESAWM;FRABNDMESA;FRABND;FRA01;MEL SALADES GOURMANDES;MELANGES SALADES;BONDUELLE;BONDUELLE;0150                       N/A;SALADES;GOURMANDE;ARTICLES GP;PFC+ FRAIS;ADULTE MISTE;NO;BND;2;('GLI002BND200FS',)
52;GWM007BND090SS;FRABNDMESAWM;FRABNDMESA;FRABND;FRA01;MEL SALADES GOURMANDES;MELANGES SALADES;BONDUELLE;BONDUELLE;0090                       N/A;SALADES;MACHE & CHIOGGIA;ARTICLES GP;PFC+ FRAIS;ADULTE MISTE;NO;BND;5;('GKC005ESB100FS',)
53;GWP002BND125FS;FRABNDMESAWP;FRABNDMESA;FRABND;FRA01;MEL SALADES MACHE + JP;MELANGES SALADES;BONDUELLE;BONDUELLE;0125                       N/A;SALADES;JEUNES POUSSES;ARTICLES GP;PFC+ FRAIS;JEUNES POUSSES MISTE;NO;BND;5;('GKC005ESB100FS',)
54;GWP002BND160FS;FRABNDMESAWP;FRABNDMESA;FRABND;FRA01;MEL SALADES MACHE + JP;MELANGES SALADES;BONDUELLE;BONDUELLE;0160                       N/A;SALADES;JEUNES POUSSES;ARTICLES GP;PFC+ FRAIS;JEUNES POUSSES MISTE;NO;BND;7;('GWJ012BND080FS',)
55;GWP015BND080FS;FRABNDMESAWP;FRABNDMESA;FRABND;FRA01;MEL SALADES MACHE + JP;MELANGES SALADES;BONDUELLE;BONDUELLE;0080                       N/A;SALADES;MIX RUCOLOSO;ARTICLES GP;PFC+ FRAIS;JEUNES POUSSES MISTE;NO;BND;7;('GWJ012BND080FS',)
56;GWP017BND100FS;FRABNDMESAWP;FRABNDMESA;FRABND;FRA01;MEL SALADES MACHE + JP;MELANGES SALADES;BONDUELLE;BONDUELLE;0100                       N/A;SALADES;GRAN BIS MACHE ROQUETTE;ARTICLES GP;PFC+ FRAIS;JEUNES POUSSES MISTE;NO;BND;9;('GWM007NTA150FS',)
57;GWP021BND090FS;FRABNDMESAWP;FRABNDMESA;FRABND;FRA01;MEL SALADES MACHE + JP;MELANGES SALADES;BONDUELLE;BONDUELLE;0090                       N/A;SALADES;JEUNES POUSSES 24H;ARTICLES GP;PFC+ FRAIS;JEUNES POUSSES CONTADINO;NO;BND;5;('GKC005ESB100FS',)
58;GWQ001BND100FS;FRABNDMESAWQ;FRABNDMESA;FRABND;FRA01;MEL SAL KCHI AD+BQ+AUTRE AD;MELANGES SALADES;BONDUELLE;BONDUELLE;0100                       N/A;SALADES;MELANGE DOUX;ARTICLES GP;PFC+ FRAIS;ADULTE MISTE;NO;BND;9;('GWM007NTA150FS',)
59;GWS062BND100SS;FRABNDMESAWS;FRABNDMESA;FRABND;FRA01;MEL SALADES + CRUDITES;MELANGES SALADES;BONDUELLE;BONDUELLE;0100                       N/A;SALADES;BOUQUET PRIMEUR;ARTICLES GP;PFC+ FRAIS;PRIMIZIE;NO;BND;9;('GWM007NTA150FS',)
60;GWS063BND125SS;FRABNDMESAWS;FRABNDMESA;FRABND;FRA01;MEL SALADES + CRUDITES;MELANGES SALADES;BONDUELLE;BONDUELLE;0125                       N/A;SALADES;OSEILLE PRIMEUR;ARTICLES GP;PFC+ FRAIS;PRIMIZIE;NO;BND;9;('GWM007NTA150FS',)
61;GWS069BND125FS;FRABNDMESAWS;FRABNDMESA;FRABND;FRA01;MEL SALADES + CRUDITES;MELANGES SALADES;BONDUELLE;BONDUELLE;0125                       N/A;SALADES;SOCIAL SALAD;ARTICLES GP;PFC+ FRAIS;SOCIAL SALAD;NO;BND;9;('GWM007NTA150FS',)
62;GWS074BND125FS;FRABNDMESAWS;FRABNDMESA;FRABND;FRA01;MEL SALADES + CRUDITES;MELANGES SALADES;BONDUELLE;BONDUELLE;0125                       N/A;SALADES;SALADE DU JOUR;ARTICLES GP;PFC+ FRAIS;INSALATA DEL GIORNO;NO;BND;7;('GWJ012BND080FS',)
63;GWS076BND125FS;FRABNDMESAWS;FRABNDMESA;FRABND;FRA01;MEL SALADES + CRUDITES;MELANGES SALADES;BONDUELLE;BONDUELLE;0125                       N/A;SALADES;SELECTION DE SAISON;ARTICLES GP;PFC+ FRAIS;LE SELEZIONI;NO;BND;3;('TBG001BND180BV',)
64;GWS077BND150FS;FRABNDMESAWS;FRABNDMESA;FRABND;FRA01;MEL SALADES + CRUDITES;MELANGES SALADES;BONDUELLE;BONDUELLE;0150                       N/A;SALADES;SALADE CROQUANTE DU JOUR;ARTICLES GP;PFC+ FRAIS;INSALATA DEL GIORNO ADULTE;NO;BND;3;('TBG001BND180BV',)
65;GWS081BND080DM;FRABNDMESAWS;FRABNDMESA;FRABND;FRA01;MEL SALADES + CRUDITES;MELANGES SALADES;BONDUELLE;BONDUELLE;0080                       N/A;SALADES;INS GUSTOSE BIO;ARTICLES GP;PFC+ FRAIS;BIOLOGICO;YES;BND;8;('GWF021CAE180FS',)
66;GWT041BND120FS;FRABNDMESAWT;FRABNDMESA;FRABND;FRA01;MEL SALADE + AUTRES COMPOSANTS;MELANGES SALADES;BONDUELLE;BONDUELLE;0120                       N/A;SALADES;MIX BEAUTE;ARTICLES GP;PFC+ FRAIS;VITALITY;NO;BND;1;('GCO002BNR300FS',)
67;GWU002BND180FS;FRABNDMESAWU;FRABNDMESA;FRABND;FRA01;MEL SALADES ADULTES + ASTERIX;MELANGES SALADES;BONDUELLE;BONDUELLE;0180                       N/A;SALADES;MIX CROQUANT;ARTICLES GP;PFC+ FRAIS;ADULTE MISTE;NO;BND;5;('GKC005ESB100FS',)
68;GWW003BND100FS;FRABNDMESAWW;FRABNDMESA;FRABND;FRA01;MEL SALADES TP+CRUDITE;MELANGES SALADES;BONDUELLE;BONDUELLE;0100                       N/A;SALADES;GENTILE;ARTICLES GP;PFC+ FRAIS;INSALATE + CRUDITE;NO;BND;9;('GWM007NTA150FS',)
69;GWW004BND100FS;FRABNDMESAWW;FRABNDMESA;FRABND;FRA01;MEL SALADES TP+CRUDITE;MELANGES SALADES;BONDUELLE;BONDUELLE;0100                       N/A;SALADES;GIOIOSA;ARTICLES GP;PFC+ FRAIS;GUSTO E COLORE;NO;BND;9;('GWM007NTA150FS',)
70;GWW005BND140FS;FRABNDMESAWW;FRABNDMESA;FRABND;FRA01;MEL SALADES TP+CRUDITE;MELANGES SALADES;BONDUELLE;BONDUELLE;0140                       N/A;SALADES;SALADE AVEC OLIVES;ARTICLES GP;PFC+ FRAIS;INSALATE + CRUDITE;NO;BND;8;('GWF021CAE180FS',)
71;GWW006BND100DM;FRABNDMESAWW;FRABNDMESA;FRABND;FRA01;MEL SALADES TP+CRUDITE;MELANGES SALADES;BONDUELLE;BONDUELLE;0100                       N/A;SALADES;MIX SFIZIOSO BIO;ARTICLES GP;PFC+ FRAIS;BIOLOGICO;YES;BND;8;('GWF021CAE180FS',)
72;GWW008BND120DM;FRABNDMESAWW;FRABNDMESA;FRABND;FRA01;MEL SALADES TP+CRUDITE;MELANGES SALADES;BONDUELLE;BONDUELLE;0120                       N/A;SALADES;MIX BELLEZZA;ARTICLES GP;PFC+ FRAIS;VITALITY;NO;BND;1;('GCO002BNR300FS',)
73;GWW009BND120DM;FRABNDMESAWW;FRABNDMESA;FRABND;FRA01;MEL SALADES TP+CRUDITE;MELANGES SALADES;BONDUELLE;BONDUELLE;0120                       N/A;SALADES;MIX ENERGIA;ARTICLES GP;PFC+ FRAIS;VITALITY;NO;BND;1;('GCO002BNR300FS',)
74;GWX001BND100FS;FRABNDMESAWX;FRABNDMESA;FRABND;FRA01;MEL SALADES ASTERIX+JP+CRUDITE;MELANGES SALADES;BONDUELLE;BONDUELLE;0100                       N/A;SALADES;FANTASIA;ARTICLES GP;PFC+ FRAIS;INSALATE + CRUDITE;NO;BND;9;('GWM007NTA150FS',)
75;GBF006BND125FR;FRABNDSLFRBF;FRABNDSLFR;FRABND;FRA01;SALADE ENRICHIE SAUCE A PART;SALADE TRAITEUR;BONDUELLE;BONDUELLE;0125                       BFR;SALADES;AGITA & GUSTA MEDITERRANEEN;ARTICLES GP;PFC+ FRAIS;AGITA&GUSTA;NO;BND;9;('GWM007NTA150FS',)
76;GBF008BND265FR;FRABNDSLFRBF;FRABNDSLFR;FRABND;FRA01;SALADE ENRICHIE SAUCE A PART;SALADE TRAITEUR;BONDUELLE;BONDUELLE;0265                       BFR;SALADES;AGITA & GUSTA PINZIMONIO;ARTICLES GP;PFC+ FRAIS;AGITA&GUSTA;NO;BND;9;('GWM007NTA150FS',)
77;GBF039BND125FR;FRABNDSLFRBF;FRABNDSLFR;FRABND;FRA01;SALADE ENRICHIE SAUCE A PART;SALADE TRAITEUR;BONDUELLE;BONDUELLE;0125                       BFR;SALADES;AGITA & GUSTA GRAN SOLE;ARTICLES GP;PFC+ FRAIS;AGITA&GUSTA;NO;BND;9;('GWM007NTA150FS',)
78;GBF042BND120FR;FRABNDSLFRBF;FRABNDSLFR;FRABND;FRA01;SALADE ENRICHIE SAUCE A PART;SALADE TRAITEUR;BONDUELLE;BONDUELLE;0120                       BFR;SALADES;REGIONALE PUGLIESE;ARTICLES GP;PFC+ FRAIS;INSALATONE;NO;BND;8;('GWF021CAE180FS',)
79;GBF043BND115FR;FRABNDSLFRBF;FRABNDSLFR;FRABND;FRA01;SALADE ENRICHIE SAUCE A PART;SALADE TRAITEUR;BONDUELLE;BONDUELLE;0115                       BFR;SALADES;REGIONALE SARDA;ARTICLES GP;PFC+ FRAIS;INSALATONE;NO;BND;8;('GWF021CAE180FS',)
80;GBF046BND115FR;FRABNDSLFRBF;FRABNDSLFR;FRABND;FRA01;SALADE ENRICHIE SAUCE A PART;SALADE TRAITEUR;BONDUELLE;BONDUELLE;0115                       BFR;SALADES;REGIONALE TRENTINA;ARTICLES GP;PFC+ FRAIS;INSALATONE;NO;BND;8;('GWF021CAE180FS',)
81;GBF047BND115FR;FRABNDSLFRBF;FRABNDSLFR;FRABND;FRA01;SALADE ENRICHIE SAUCE A PART;SALADE TRAITEUR;BONDUELLE;BONDUELLE;0115                       BFR;SALADES;REGIONALE SICILIANA;ARTICLES GP;PFC+ FRAIS;INSALATONE;NO;BND;8;('GWF021CAE180FS',)
82;TCW001BND200FR;FRABNDSLFRCW;FRABNDSLFR;FRABND;FRA01;CEREALES;SALADE TRAITEUR;BONDUELLE;BONDUELLE;0200                       BFR;LIBRE SERVICE;ORGE ET THON;ARTICLES GP;PFC+ TRAITEUR;TRAITEUR;NO;TRT;8;('GWF021CAE180FS',)
83;TCW002BND200FR;FRABNDSLFRCW;FRABNDSLFR;FRABND;FRA01;CEREALES;SALADE TRAITEUR;BONDUELLE;BONDUELLE;0200                       BFR;LIBRE SERVICE;CEREALES ET LEGUMES;ARTICLES GP;PFC+ TRAITEUR;TRAITEUR;NO;TRT;7;('GWJ012BND080FS',)
84;TTA001BND200FR;FRABNDSLFRTA;FRABNDSLFR;FRABND;FRA01;TABOULE;SALADE TRAITEUR;BONDUELLE;BONDUELLE;0200                       BFR;LIBRE SERVICE;TABOULE POULET;ARTICLES GP;PFC+ TRAITEUR;TRAITEUR;NO;TRT;7;('GWJ012BND080FS',)
85;TTA023BND200FR;FRABNDSLFRTA;FRABNDSLFR;FRABND;FRA01;TABOULE;SALADE TRAITEUR;BONDUELLE;BONDUELLE;0200                       BFR;LIBRE SERVICE;COUSCOUS DELICIEUX;ARTICLES GP;PFC+ TRAITEUR;TRAITEUR;NO;TRT;7;('GWJ012BND080FS',)
86;TPO001BND600BW;FRABNDSOUPPO;FRABNDSOUP;FRABND;FRA01;POTAGES;SOUPES;BONDUELLE;BONDUELLE;0600                       600;LIBRE SERVICE;SOUPE MINESTRONE TOSCANE;ARTICLES GP;PFC+ TRAITEUR;TRAITEUR;NO;ZUP;5;('GKC005ESB100FS',)
87;TPO003BND600BW;FRABNDSOUPPO;FRABNDSOUP;FRABND;FRA01;POTAGES;SOUPES;BONDUELLE;BONDUELLE;0600                       600;LIBRE SERVICE;SOUPE CHOU-FLEUR ET BROCOLIS;ARTICLES GP;PFC+ TRAITEUR;TRAITEUR;NO;ZUP;5;('GKC005ESB100FS',)
88;TPO004BND300BW;FRABNDSOUPPO;FRABNDSOUP;FRABND;FRA01;POTAGES;SOUPES;BONDUELLE;BONDUELLE;0300                       300;LIBRE SERVICE;SOUPE A LA TRENTINE;ARTICLES GP;PFC+ TRAITEUR;TRAITEUR;NO;ZUP;5;('GKC005ESB100FS',)
89;TPO004BND600BW;FRABNDSOUPPO;FRABNDSOUP;FRABND;FRA01;POTAGES;SOUPES;BONDUELLE;BONDUELLE;0600                       600;LIBRE SERVICE;SOUPE A LA TRENTINE;ARTICLES GP;PFC+ TRAITEUR;TRAITEUR;NO;ZUP;5;('GKC005ESB100FS',)
90;TPO005BND300BW;FRABNDSOUPPO;FRABNDSOUP;FRABND;FRA01;POTAGES;SOUPES;BONDUELLE;BONDUELLE;0300                       300;LIBRE SERVICE;SOUPE PETITS POIS;ARTICLES GP;PFC+ TRAITEUR;TRAITEUR;NO;ZUP;5;('GKC005ESB100FS',)
91;TPO006BND600BW;FRABNDSOUPPO;FRABNDSOUP;FRABND;FRA01;POTAGES;SOUPES;BONDUELLE;BONDUELLE;0600                       600;LIBRE SERVICE;SOUPE A L'OIGNON;ARTICLES GP;PFC+ TRAITEUR;TRAITEUR;NO;ZUP;3;('TBG001BND180BV',)
92;TPO008BND600BW;FRABNDSOUPPO;FRABNDSOUP;FRABND;FRA01;POTAGES;SOUPES;BONDUELLE;BONDUELLE;0600                       600;LIBRE SERVICE;VELOUTE DE POIVRONS;ARTICLES GP;PFC+ TRAITEUR;TRAITEUR;NO;ZUP;5;('GKC005ESB100FS',)
93;TPO009BND300BW;FRABNDSOUPPO;FRABNDSOUP;FRABND;FRA01;POTAGES;SOUPES;BONDUELLE;BONDUELLE;0300                       300;LIBRE SERVICE;POTAGE A L'EPEAUTRE;ARTICLES GP;PFC+ TRAITEUR;TRAITEUR;NO;ZUP;3;('TBG001BND180BV',)
94;TPO011BND460CU;FRABNDSOUPPO;FRABNDSOUP;FRABND;FRA01;POTAGES;SOUPES;BONDUELLE;BONDUELLE;0460                       460;LIBRE SERVICE;VELOUTE POIVRON POIVRE;ARTICLES GP;PFC+ TRAITEUR;TRAITEUR;NO;ZUP;1;('GCO002BNR300FS',)
95;TPO012BND460CU;FRABNDSOUPPO;FRABNDSOUP;FRABND;FRA01;POTAGES;SOUPES;BONDUELLE;BONDUELLE;0460                       460;LIBRE SERVICE;VELOUTE CITROUILLE ET SAMBAL;ARTICLES GP;PFC+ TRAITEUR;TRAITEUR;NO;ZUP;1;('GCO002BNR300FS',)
96;TPO013BND460CU;FRABNDSOUPPO;FRABNDSOUP;FRABND;FRA01;POTAGES;SOUPES;BONDUELLE;BONDUELLE;0460                       460;LIBRE SERVICE;VELOUTE CAR PAT GINGEMBRE;ARTICLES GP;PFC+ TRAITEUR;TRAITEUR;NO;ZUP;1;('GCO002BNR300FS',)
97;TPO014BND460CU;FRABNDSOUPPO;FRABNDSOUP;FRABND;FRA01;POTAGES;SOUPES;BONDUELLE;BONDUELLE;0460                       460;LIBRE SERVICE;VELOUTE CHAMPIGNON ET THYM;ARTICLES GP;PFC+ TRAITEUR;TRAITEUR;NO;ZUP;1;('GCO002BNR300FS',)
98;TPT002BND300BW;FRABNDSOUPPT;FRABNDSOUP;FRABND;FRA01;SOUPES FROIDES;SOUPES;BONDUELLE;BONDUELLE;0300                       300;LIBRE SERVICE;GASPACHO;ARTICLES GP;PFC+ TRAITEUR;TRAITEUR;NO;ZUP;7;('GWJ012BND080FS',)
99;GLO002BNR250FS;FRABNRASTELO;FRABNRASTE;FRABNR;FRA01;LOLLO V;ASTERIX;BONDUELLE RESTAURATION;BONDUELLE;0250                       N/A;SALADES;LOLLO VERTE;ARTICLES RHF;PFC+ FRAIS;BONDUELLE FOOD SERVICE;NO;BND;9;('GWM007NTA150FS',)
100;GWA004BNR250FS;FRABNRASTEWA;FRABNRASTE;FRABNR;FRA01;MEL SALADES ASTERIX;ASTERIX;BONDUELLE RESTAURATION;BONDUELLE;0250                       N/A;SALADES;LAITUE DECOR;ARTICLES RHF;PFC+ FRAIS;BONDUELLE FOOD SERVICE;NO;BND;6;('GLV001SLX080FS',)
101;GBA001BNR250FS;FRABNRBOUQBA;FRABNRBOUQ;FRABNR;FRA01;MACHE 4G;BOUQUETS;BONDUELLE RESTAURATION;BONDUELLE;0250                       N/A;SALADES;MACHE;ARTICLES GP;PFC+ FRAIS;BONDUELLE FOOD SERVICE;NO;BND;1;('GCO002BNR300FS',)
102;GCE003BNR2K5FS;FRABNRCAROCE;FRABNRCARO;FRABNR;FRA01;CAROTTES JEUNES;CAROTTES;BONDUELLE RESTAURATION;BONDUELLE;2500                       N/A;LEGUMES;CAROTTE PELEE;ARTICLES RHF;PFC+ FRAIS;BONDUELLE FOOD SERVICE;NO;BND;7;('GWJ012BND080FS',)
103;GCE003BNR5K0FS;FRABNRCAROCE;FRABNRCARO;FRABNR;FRA01;CAROTTES JEUNES;CAROTTES;BONDUELLE RESTAURATION;BONDUELLE;5000                       N/A;LEGUMES;CAROTTE PELEE;ARTICLES RHF;PFC+ FRAIS;BONDUELLE FOOD SERVICE;NO;BND;9;('GWM007NTA150FS',)
104;GCH002BNR2K0FS;FRABNRCAROCH;FRABNRCARO;FRABNR;FRA01;GROSSES CAROTTES;CAROTTES;BONDUELLE RESTAURATION;BONDUELLE;2000                       N/A;LEGUMES;CAROTTE BATON;ARTICLES RHF;PFC+ FRAIS;BONDUELLE FOOD SERVICE;NO;BND;5;('GKC005ESB100FS',)
105;GCH006BNR1K2FS;FRABNRCAROCH;FRABNRCARO;FRABNR;FRA01;GROSSES CAROTTES;CAROTTES;BONDUELLE RESTAURATION;BONDUELLE;1250                       N/A;LEGUMES;CAROTTES JULIENNES;ARTICLES RHF;PFC+ FRAIS;BONDUELLE FOOD SERVICE;NO;BND;7;('GWJ012BND080FS',)
106;GQX156BNR250FS;FRABNRHETEQX;FRABNRHETE;FRABNR;FRA01;COLIS HETEROGENES (UC);HETEROGENES;BONDUELLE RESTAURATION;BONDUELLE;0250                       N/A;SALADES;3 DUO DECOR + 1 MACHE;ARTICLES RHF;PFC+ FRAIS;BONDUELLE FOOD SERVICE;NO;BND;3;('TBG001BND180BV',)
107;GQX157BNR250FS;FRABNRHETEQX;FRABNRHETE;FRABNR;FRA01;COLIS HETEROGENES (UC);HETEROGENES;BONDUELLE RESTAURATION;BONDUELLE;0250                       N/A;SALADES;6 DUO DECOR + 2 MACHE;ARTICLES RHF;PFC+ FRAIS;BONDUELLE FOOD SERVICE;NO;BND;3;('TBG001BND180BV',)
108;GQX179BNR250FS;FRABNRHETEQX;FRABNRHETE;FRABNR;FRA01;COLIS HETEROGENES (UC);HETEROGENES;BONDUELLE RESTAURATION;BONDUELLE;0250                       N/A;SALADES;2 ROQUETTE+2 MACHE;ARTICLES RHF;PFC+ FRAIS;BONDUELLE FOOD SERVICE;NO;BND;8;('GWF021CAE180FS',)
109;GQX180BNR250FS;FRABNRHETEQX;FRABNRHETE;FRABNR;FRA01;COLIS HETEROGENES (UC);HETEROGENES;BONDUELLE RESTAURATION;BONDUELLE;0250                       N/A;SALADES;4 ROQUETTE+4 MACHE;ARTICLES RHF;PFC+ FRAIS;BONDUELLE FOOD SERVICE;NO;BND;8;('GWF021CAE180FS',)
110;GCO002BNR250FS;FRABNRJPOUCO;FRABNRJPOU;FRABNR;FRA01;ROQUETTE;JEUNES POUSSES;BONDUELLE RESTAURATION;BONDUELLE;0250                       N/A;SALADES;ROQUETTE;ARTICLES RHF;PFC+ FRAIS;BONDUELLE FOOD SERVICE;NO;BND;7;('GWJ012BND080FS',)
111;GCO002BNR300FS;FRABNRJPOUCO;FRABNRJPOU;FRABNR;FRA01;ROQUETTE;JEUNES POUSSES;BONDUELLE RESTAURATION;BONDUELLE;0300                       N/A;SALADES;ROQUETTE;ARTICLES RHF;PFC+ FRAIS;BONDUELLE FOOD SERVICE;NO;BND;1;('GCO002BNR300FS',)
112;GKG002BNR1K0FS;FRABNRKCHIKG;FRABNRKCHI;FRABNR;FRA01;CHIOGGIA;CHICOREE;BONDUELLE RESTAURATION;BONDUELLE;1000                       N/A;SALADES;CHIOGGIA;ARTICLES RHF;PFC+ FRAIS;BONDUELLE FOOD SERVICE;NO;BND;3;('TBG001BND180BV',)
113;GKP002BNR1K0FS;FRABNRKCHIKP;FRABNRKCHI;FRABNR;FRA01;PAIN DE SUCRE;CHICOREE;BONDUELLE RESTAURATION;BONDUELLE;1000                       N/A;SALADES;PAIN DE SUCRE BLANCHE&FINE;ARTICLES RHF;PFC+ FRAIS;BONDUELLE FOOD SERVICE;NO;BND;5;('GKC005ESB100FS',)
114;GLI002BNR1K0FS;FRABNRLAITLI;FRABNRLAIT;FRABNR;FRA01;ICEBERG;LAITUE;BONDUELLE RESTAURATION;BONDUELLE;1000                       N/A;SALADES;LAITUE ICEBERG;ARTICLES GP;PFC+ FRAIS;BONDUELLE FOOD SERVICE;NO;BND;5;('GKC005ESB100FS',)
115;GLI002BNR400FS;FRABNRLAITLI;FRABNRLAIT;FRABNR;FRA01;ICEBERG;LAITUE;BONDUELLE RESTAURATION;BONDUELLE;0400                       N/A;SALADES;LAITUE ICEBERG;ARTICLES RHF;PFC+ FRAIS;BONDUELLE FOOD SERVICE;NO;BND;3;('TBG001BND180BV',)
116;GLV001BNR300FS;FRABNRLAITLV;FRABNRLAIT;FRABNR;FRA01;BATAVIA V;LAITUE;BONDUELLE RESTAURATION;BONDUELLE;0300                       N/A;SALADES;BATAVIA;ARTICLES RHF;PFC+ FRAIS;BONDUELLE FOOD SERVICE;NO;BND;1;('GCO002BNR300FS',)
117;GWC012BNR1K0FS;FRABNRMESAWC;FRABNRMESA;FRABNR;FRA01;MEL SALADES CHICOREE ADULTES;MELANGES SALADES;BONDUELLE RESTAURATION;BONDUELLE;1000                       N/A;SALADES;SALADE MIXTE;ARTICLES RHF;PFC+ FRAIS;BONDUELLE FOOD SERVICE;NO;BND;7;('GWJ012BND080FS',)
118;GWC012BNR500FS;FRABNRMESAWC;FRABNRMESA;FRABNR;FRA01;MEL SALADES CHICOREE ADULTES;MELANGES SALADES;BONDUELLE RESTAURATION;BONDUELLE;0500                       N/A;SALADES;SALADE MIXTE;ARTICLES RHF;PFC+ FRAIS;BONDUELLE FOOD SERVICE;NO;BND;1;('GCO002BNR300FS',)
119;GWC018BNR1K0FS;FRABNRMESAWC;FRABNRMESA;FRABNR;FRA01;MEL SALADES CHICOREE ADULTES;MELANGES SALADES;BONDUELLE RESTAURATION;BONDUELLE;1000                       N/A;SALADES;MELANGE FINE;ARTICLES RHF;PFC+ FRAIS;BONDUELLE FOOD SERVICE;NO;BND;8;('GWF021CAE180FS',)
120;GWC019BNR1K0FS;FRABNRMESAWC;FRABNRMESA;FRABNR;FRA01;MEL SALADES CHICOREE ADULTES;MELANGES SALADES;BONDUELLE RESTAURATION;BONDUELLE;1000                       N/A;SALADES;INSALATONA;ARTICLES RHF;PFC+ FRAIS;BONDUELLE FOOD SERVICE;NO;BND;8;('GWF021CAE180FS',)
121;GWC019BNR500FS;FRABNRMESAWC;FRABNRMESA;FRABNR;FRA01;MEL SALADES CHICOREE ADULTES;MELANGES SALADES;BONDUELLE RESTAURATION;BONDUELLE;0500                       N/A;SALADES;INSALATONA;ARTICLES RHF;PFC+ FRAIS;BONDUELLE FOOD SERVICE;NO;BND;5;('GKC005ESB100FS',)
122;GWJ012BNR300FS;FRABNRMESAWJ;FRABNRMESA;FRABNR;FRA01;MEL SALADES JP;MELANGES SALADES;BONDUELLE RESTAURATION;BONDUELLE;0300                       N/A;SALADES;MYSTIQUE;ARTICLES RHF;PFC+ FRAIS;BONDUELLE FOOD SERVICE;NO;BND;5;('GKC005ESB100FS',)
123;GWM001BNR400FS;FRABNRMESAWM;FRABNRMESA;FRABNR;FRA01;MEL SALADES GOURMANDES;MELANGES SALADES;BONDUELLE RESTAURATION;BONDUELLE;0400                       N/A;SALADES;GOURMANDE;ARTICLES RHF;PFC+ FRAIS;BONDUELLE FOOD SERVICE;NO;BND;7;('GWJ012BND080FS',)
124;GWP002BNR200FS;FRABNRMESAWP;FRABNRMESA;FRABNR;FRA01;MEL SALADES MACHE + JP;MELANGES SALADES;BONDUELLE RESTAURATION;BONDUELLE;0200                       N/A;SALADES;JEUNES POUSSES;ARTICLES RHF;PFC+ FRAIS;JEUNES POUSSES MISTE;NO;FOOD;8;('GWF021CAE180FS',)
125;GCO002BNG080FS;FRABNGJPOUCO;FRABNGJPOU;FRABNG;FRA05;ROQUETTE;JEUNES POUSSES;BUONGIORNO FRESCHEZZA;MDD (MARQUE DE DISTRIBUTEUR);0080                       N/A;SALADES;ROQUETTE;ARTICLES GP;PFC+ FRAIS;JEUNES POUSSES MONO;NO;MDD;9;('GWM007NTA150FS',)
126;GLV001BNG080FS;FRABNGLAITLV;FRABNGLAIT;FRABNG;FRA05;BATAVIA V;LAITUE;BUONGIORNO FRESCHEZZA;MDD (MARQUE DE DISTRIBUTEUR);0080                       N/A;SALADES;BATAVIA;ARTICLES GP;PFC+ FRAIS;JEUNES POUSSES MONO;NO;MDD;9;('GWM007NTA150FS',)
127;GWC020BNG150FS;FRABNGMESAWC;FRABNGMESA;FRABNG;FRA05;MEL SALADES CHICOREE ADULTES;MELANGES SALADES;BUONGIORNO FRESCHEZZA;MDD (MARQUE DE DISTRIBUTEUR);0150                       N/A;SALADES;MELANGE 4 SAVEURS;ARTICLES GP;PFC+ FRAIS;ADULTE MISTE;NO;MDD;9;('GWM007NTA150FS',)
128;GWP002BNG080FS;FRABNGMESAWP;FRABNGMESA;FRABNG;FRA05;MEL SALADES MACHE + JP;MELANGES SALADES;BUONGIORNO FRESCHEZZA;MDD (MARQUE DE DISTRIBUTEUR);0080                       N/A;SALADES;JEUNES POUSSES;ARTICLES GP;PFC+ FRAIS;JEUNES POUSSES MISTE;NO;MDD;9;('GWM007NTA150FS',)
129;GCH006BRN200FS;FRABRNCAROCH;FRABRNCARO;FRABRN;FRA05;GROSSES CAROTTES;CAROTTES;BERNA;MDD (MARQUE DE DISTRIBUTEUR);0200                       N/A;LEGUMES;CAROTTES JULIENNES;ARTICLES GP;PFC+ FRAIS;ARRICCHITORI;NO;MDD;7;('GWJ012BND080FS',)
130;GEP006BRN500FS;FRABRNEPINEP;FRABRNEPIN;FRABRN;FRA05;EPINARDS;EPINARDS;BERNA;MDD (MARQUE DE DISTRIBUTEUR);0500                       N/A;SALADES;EPINARD A CUIRE;ARTICLES GP;PFC+ FRAIS;DA CUOCERE;NO;MDD;5;('GKC005ESB100FS',)
131;GCO002BRN100FP;FRABRNJPOUCO;FRABRNJPOU;FRABRN;FRA05;ROQUETTE;JEUNES POUSSES;BERNA;MDD (MARQUE DE DISTRIBUTEUR);0100                       N/A;SALADES;ROQUETTE;ARTICLES GP;PFC+ FRAIS;JEUNES POUSSES MONO;NO;MDD;7;('GWJ012BND080FS',)
132;GLI002BRN250FS;FRABRNLAITLI;FRABRNLAIT;FRABRN;FRA05;ICEBERG;LAITUE;BERNA;MDD (MARQUE DE DISTRIBUTEUR);0250                       N/A;SALADES;LAITUE ICEBERG;ARTICLES GP;PFC+ FRAIS;ADULTE MONO;NO;MDD;7;('GWJ012BND080FS',)
133;GLV001BRN100FP;FRABRNLAITLV;FRABRNLAIT;FRABRN;FRA05;BATAVIA V;LAITUE;BERNA;MDD (MARQUE DE DISTRIBUTEUR);0100                       N/A;SALADES;BATAVIA;ARTICLES GP;PFC+ FRAIS;JEUNES POUSSES MONO;NO;MDD;7;('GWJ012BND080FS',)
134;GWF002BRN165FS;FRABRNMESAWF;FRABRNMESA;FRABRN;FRA05;MEL SALADES TP+AD+CRUDITE;MELANGES SALADES;BERNA;MDD (MARQUE DE DISTRIBUTEUR);0165                       N/A;SALADES;MELANGE PRINTANIER;ARTICLES GP;PFC+ FRAIS;INSALATE + CRUDITE;NO;MDD;7;('GWJ012BND080FS',)
135;GWG022BRN100FS;FRABRNMESAWG;FRABRNMESA;FRABRN;FRA05;MEL SALADES AD+CRUDITE;MELANGES SALADES;BERNA;MDD (MARQUE DE DISTRIBUTEUR);0100                       N/A;SALADES;ICEBERG CAROTTES;ARTICLES GP;PFC+ FRAIS;INSALATE + CRUDITE;NO;MDD;5;('GKC005ESB100FS',)
136;GWJ009BRN090FP;FRABRNMESAWJ;FRABRNMESA;FRABRN;FRA05;MEL SALADES JP;MELANGES SALADES;BERNA;MDD (MARQUE DE DISTRIBUTEUR);0090                       N/A;SALADES;GRAN MIX;ARTICLES GP;PFC+ FRAIS;JEUNES POUSSES MISTE;NO;MDD;7;('GWJ012BND080FS',)
137;GCO002CAE090FS;FRACAEJPOUCO;FRACAEJPOU;FRACAE;FRA05;ROQUETTE;JEUNES POUSSES;CASALE;MDD (MARQUE DE DISTRIBUTEUR);0090                       N/A;SALADES;ROQUETTE;ARTICLES RHF;PFC+ FRAIS;JEUNES POUSSES MONO;NO;MDD;8;('GWF021CAE180FS',)
138;GLI002CAE200FS;FRACAELAITLI;FRACAELAIT;FRACAE;FRA05;ICEBERG;LAITUE;CASALE;MDD (MARQUE DE DISTRIBUTEUR);0200                       N/A;SALADES;LAITUE ICEBERG;ARTICLES RHF;PFC+ FRAIS;ADULTE MONO;NO;MDD;8;('GWF021CAE180FS',)
139;GLV001CAE090FS;FRACAELAITLV;FRACAELAIT;FRACAE;FRA05;BATAVIA V;LAITUE;CASALE;MDD (MARQUE DE DISTRIBUTEUR);0090                       N/A;SALADES;BATAVIA;ARTICLES RHF;PFC+ FRAIS;JEUNES POUSSES MONO;NO;MDD;8;('GWF021CAE180FS',)
140;GWF021CAE180FS;FRACAEMESAWF;FRACAEMESA;FRACAE;FRA05;MEL SALADES TP+AD+CRUDITE;MELANGES SALADES;CASALE;MDD (MARQUE DE DISTRIBUTEUR);0180                       N/A;SALADES;MEL AVEC CAROTTES;ARTICLES RHF;PFC+ FRAIS;INSALATE + CRUDITE;NO;MDD;8;('GWF021CAE180FS',)
141;GWJ012CAE090FS;FRACAEMESAWJ;FRACAEMESA;FRACAE;FRA05;MEL SALADES JP;MELANGES SALADES;CASALE;MDD (MARQUE DE DISTRIBUTEUR);0090                       N/A;SALADES;MYSTIQUE;ARTICLES RHF;PFC+ FRAIS;JEUNES POUSSES MISTE;NO;MDD;8;('GWF021CAE180FS',)
142;GBA001CAR070FS;FRACARBOUQBA;FRACARBOUQ;FRACAR;FRA05;MACHE 4G;BOUQUETS;CARREFOUR;MDD (MARQUE DE DISTRIBUTEUR);0070                       N/A;SALADES;MACHE;ARTICLES GP;PFC+ FRAIS;JEUNES POUSSES MONO;NO;MDD;1;('GCO002BNR300FS',)
143;GBA001CAR125FS;FRACARBOUQBA;FRACARBOUQ;FRACAR;FRA05;MACHE 4G;BOUQUETS;CARREFOUR;MDD (MARQUE DE DISTRIBUTEUR);0125                       N/A;SALADES;MACHE;ARTICLES GP;PFC+ FRAIS;JEUNES POUSSES MONO;NO;MDD;3;('TBG001BND180BV',)
144;GBA001CAR200FS;FRACARBOUQBA;FRACARBOUQ;FRACAR;FRA05;MACHE 4G;BOUQUETS;CARREFOUR;MDD (MARQUE DE DISTRIBUTEUR);0200                       N/A;SALADES;MACHE;ARTICLES GP;PFC+ FRAIS;JEUNES POUSSES MONO;NO;MDD;3;('TBG001BND180BV',)
145;GCH006CAR250FP;FRACARCAROCH;FRACARCARO;FRACAR;FRA05;GROSSES CAROTTES;CAROTTES;CARREFOUR;MDD (MARQUE DE DISTRIBUTEUR);0250                       N/A;LEGUMES;CAROTTES JULIENNES;ARTICLES GP;PFC+ FRAIS;ARRICCHITORI;NO;MDD;9;('GWM007NTA150FS',)
146;GCO002CAR080FS;FRACARJPOUCO;FRACARJPOU;FRACAR;FRA05;ROQUETTE;JEUNES POUSSES;CARREFOUR;MDD (MARQUE DE DISTRIBUTEUR);0080                       N/A;SALADES;ROQUETTE;ARTICLES GP;PFC+ FRAIS;JEUNES POUSSES MONO;NO;MDD;1;('GCO002BNR300FS',)
147;GCO002CAR125FS;FRACARJPOUCO;FRACARJPOU;FRACAR;FRA05;ROQUETTE;JEUNES POUSSES;CARREFOUR;MDD (MARQUE DE DISTRIBUTEUR);0125                       N/A;SALADES;ROQUETTE;ARTICLES GP;PFC+ FRAIS;JEUNES POUSSES MONO;NO;MDD;1;('GCO002BNR300FS',)
148;GCO002CAR200FS;FRACARJPOUCO;FRACARJPOU;FRACAR;FRA05;ROQUETTE;JEUNES POUSSES;CARREFOUR;MDD (MARQUE DE DISTRIBUTEUR);0200                       N/A;SALADES;ROQUETTE;ARTICLES GP;PFC+ FRAIS;JEUNES POUSSES MONO;NO;MDD;1;('GCO002BNR300FS',)
149;GLI002CAR250FS;FRACARLAITLI;FRACARLAIT;FRACAR;FRA05;ICEBERG;LAITUE;CARREFOUR;MDD (MARQUE DE DISTRIBUTEUR);0250                       N/A;SALADES;LAITUE ICEBERG;ARTICLES GP;PFC+ FRAIS;ADULTE MONO;NO;MDD;8;('GWF021CAE180FS',)
150;GLV001CAR080FS;FRACARLAITLV;FRACARLAIT;FRACAR;FRA05;BATAVIA V;LAITUE;CARREFOUR;MDD (MARQUE DE DISTRIBUTEUR);0080                       N/A;SALADES;BATAVIA;ARTICLES GP;PFC+ FRAIS;JEUNES POUSSES MONO;NO;MDD;1;('GCO002BNR300FS',)
151;GLV001CAR125FS;FRACARLAITLV;FRACARLAIT;FRACAR;FRA05;BATAVIA V;LAITUE;CARREFOUR;MDD (MARQUE DE DISTRIBUTEUR);0125                       N/A;SALADES;BATAVIA;ARTICLES GP;PFC+ FRAIS;JEUNES POUSSES MONO;NO;MDD;1;('GCO002BNR300FS',)
152;GLV001CAR200FS;FRACARLAITLV;FRACARLAIT;FRACAR;FRA05;BATAVIA V;LAITUE;CARREFOUR;MDD (MARQUE DE DISTRIBUTEUR);0200                       N/A;SALADES;BATAVIA;ARTICLES GP;PFC+ FRAIS;JEUNES POUSSES MONO;NO;MDD;9;('GWM007NTA150FS',)
153;GWJ009CAR125FS;FRACARMESAWJ;FRACARMESA;FRACAR;FRA05;MEL SALADES JP;MELANGES SALADES;CARREFOUR;MDD (MARQUE DE DISTRIBUTEUR);0125                       N/A;SALADES;GRAN MIX;ARTICLES GP;PFC+ FRAIS;JEUNES POUSSES MISTE;NO;MDD;7;('GWJ012BND080FS',)
154;GWM007CAR200FP;FRACARMESAWM;FRACARMESA;FRACAR;FRA05;MEL SALADES GOURMANDES;MELANGES SALADES;CARREFOUR;MDD (MARQUE DE DISTRIBUTEUR);0200                       N/A;SALADES;MACHE & CHIOGGIA;ARTICLES GP;PFC+ FRAIS;ADULTE MISTE;NO;MDD;2;('GLI002BND200FS',)
155;GBE004CQT400FS;FRACQTAUTLBE;FRACQTAUTL;FRACQT;FRA05;BETTES;AUTRES LEGUMES;COOP ITALIE;MDD (MARQUE DE DISTRIBUTEUR);0400                       N/A;SALADES;FEUILLE DE BETTE VAPEUR;ARTICLES GP;PFC+ FRAIS;DA CUOCERE;NO;MDD;9;('GWM007NTA150FS',)
156;GBA001CQT060SS;FRACQTBOUQBA;FRACQTBOUQ;FRACQT;FRA05;MACHE 4G;BOUQUETS;COOP ITALIE;MDD (MARQUE DE DISTRIBUTEUR);0060                       N/A;SALADES;MACHE;ARTICLES GP;PFC+ FRAIS;JEUNES POUSSES MONO;NO;MDD;7;('GWJ012BND080FS',)
157;GBA001CQT125FS;FRACQTBOUQBA;FRACQTBOUQ;FRACQT;FRA05;MACHE 4G;BOUQUETS;COOP ITALIE;MDD (MARQUE DE DISTRIBUTEUR);0125                       N/A;SALADES;MACHE;ARTICLES GP;PFC+ FRAIS;JEUNES POUSSES MONO;NO;MDD;9;('GWM007NTA150FS',)
158;GBA003CQT100FS;FRACQTBOUQBA;FRACQTBOUQ;FRACQT;FRA05;MACHE 4G;BOUQUETS;COOP ITALIE;MDD (MARQUE DE DISTRIBUTEUR);0100                       N/A;SALADES;MACHE BIO;ARTICLES GP;PFC+ FRAIS;JEUNES POUSSES MONO;YES;MDD;9;('GWM007NTA150FS',)
159;GCH006CQT200FS;FRACQTCAROCH;FRACQTCARO;FRACQT;FRA05;GROSSES CAROTTES;CAROTTES;COOP ITALIE;MDD (MARQUE DE DISTRIBUTEUR);0200                       N/A;LEGUMES;CAROTTES JULIENNES;ARTICLES GP;PFC+ FRAIS;ARRICCHITORI;NO;MDD;7;('GWJ012BND080FS',)
160;GEP005CQT400FS;FRACQTEPINEP;FRACQTEPIN;FRACQT;FRA05;EPINARDS;EPINARDS;COOP ITALIE;MDD (MARQUE DE DISTRIBUTEUR);0400                       N/A;SALADES;EPINARD VAPEUR;ARTICLES GP;PFC+ FRAIS;DA CUOCERE;NO;MDD;9;('GWM007NTA150FS',)
161;GCO002CQT060SS;FRACQTJPOUCO;FRACQTJPOU;FRACQT;FRA05;ROQUETTE;JEUNES POUSSES;COOP ITALIE;MDD (MARQUE DE DISTRIBUTEUR);0060                       N/A;SALADES;ROQUETTE;ARTICLES GP;PFC+ FRAIS;JEUNES POUSSES MONO;NO;MDD;9;('GWM007NTA150FS',)
162;GCO002CQT125FS;FRACQTJPOUCO;FRACQTJPOU;FRACQT;FRA05;ROQUETTE;JEUNES POUSSES;COOP ITALIE;MDD (MARQUE DE DISTRIBUTEUR);0125                       N/A;SALADES;ROQUETTE;ARTICLES GP;PFC+ FRAIS;JEUNES POUSSES MONO;NO;MDD;9;('GWM007NTA150FS',)
163;GCO003CQT080FS;FRACQTJPOUCO;FRACQTJPOU;FRACQT;FRA05;ROQUETTE;JEUNES POUSSES;COOP ITALIE;MDD (MARQUE DE DISTRIBUTEUR);0080                       N/A;SALADES;ROQUETTE BIO;ARTICLES GP;PFC+ FRAIS;JEUNES POUSSES MONO;YES;MDD;9;('GWM007NTA150FS',)
164;GLA001CQT150FS;FRACQTLAITLA;FRACQTLAIT;FRACQT;FRA05;LAITUE;LAITUE;COOP ITALIE;MDD (MARQUE DE DISTRIBUTEUR);0150                       N/A;SALADES;COEUR DE LAITUE;ARTICLES GP;PFC+ FRAIS;ADULTE MONO;NO;MDD;7;('GWJ012BND080FS',)
165;GLI002CQT250FS;FRACQTLAITLI;FRACQTLAIT;FRACQT;FRA05;ICEBERG;LAITUE;COOP ITALIE;MDD (MARQUE DE DISTRIBUTEUR);0250                       N/A;SALADES;LAITUE ICEBERG;ARTICLES GP;PFC+ FRAIS;ADULTE MONO;NO;MDD;8;('GWF021CAE180FS',)
166;GLV001CQT125FS;FRACQTLAITLV;FRACQTLAIT;FRACQT;FRA05;BATAVIA V;LAITUE;COOP ITALIE;MDD (MARQUE DE DISTRIBUTEUR);0125                       N/A;SALADES;BATAVIA;ARTICLES GP;PFC+ FRAIS;JEUNES POUSSES MONO;NO;MDD;9;('GWM007NTA150FS',)
167;GLV005CQT100FS;FRACQTLAITLV;FRACQTLAIT;FRACQT;FRA05;BATAVIA V;LAITUE;COOP ITALIE;MDD (MARQUE DE DISTRIBUTEUR);0100                       N/A;SALADES;BATAVIA VERTE BIO;ARTICLES GP;PFC+ FRAIS;JEUNES POUSSES MONO;YES;MDD;9;('GWM007NTA150FS',)
168;GWC009CQT150FS;FRACQTMESAWC;FRACQTMESA;FRACQT;FRA05;MEL SALADES CHICOREE ADULTES;MELANGES SALADES;COOP ITALIE;MDD (MARQUE DE DISTRIBUTEUR);0150                       N/A;SALADES;COEURS CROQUANTS;ARTICLES GP;PFC+ FRAIS;ADULTE MISTE;NO;MDD;9;('GWM007NTA150FS',)
169;GWC013CQT250FS;FRACQTMESAWC;FRACQTMESA;FRACQT;FRA05;MEL SALADES CHICOREE ADULTES;MELANGES SALADES;COOP ITALIE;MDD (MARQUE DE DISTRIBUTEUR);0250                       N/A;SALADES;SERENA;ARTICLES GP;PFC+ FRAIS;ADULTE MISTE;NO;MDD;9;('GWM007NTA150FS',)
170;GWC014CQT200FS;FRACQTMESAWC;FRACQTMESA;FRACQT;FRA05;MEL SALADES CHICOREE ADULTES;MELANGES SALADES;COOP ITALIE;MDD (MARQUE DE DISTRIBUTEUR);0200                       N/A;SALADES;SERENA BIO;ARTICLES GP;PFC+ FRAIS;ADULTE MISTE;YES;MDD;5;('GKC005ESB100FS',)
171;GWG002CQT350FS;FRACQTMESAWG;FRACQTMESA;FRACQT;FRA05;MEL SALADES AD+CRUDITE;MELANGES SALADES;COOP ITALIE;MDD (MARQUE DE DISTRIBUTEUR);0350                       N/A;SALADES;FANTAISIE;ARTICLES GP;PFC+ FRAIS;INSALATE + CRUDITE;NO;MDD;8;('GWF021CAE180FS',)
172;GWG019CQT400FS;FRACQTMESAWG;FRACQTMESA;FRACQT;FRA05;MEL SALADES AD+CRUDITE;MELANGES SALADES;COOP ITALIE;MDD (MARQUE DE DISTRIBUTEUR);0400                       N/A;SALADES;GARNITURE DE LEGUMES VAPEUR;ARTICLES GP;PFC+ FRAIS;DA CUOCERE;NO;MDD;5;('GKC005ESB100FS',)
173;GWJ010CQT150FS;FRACQTMESAWJ;FRACQTMESA;FRACQT;FRA05;MEL SALADES JP;MELANGES SALADES;COOP ITALIE;MDD (MARQUE DE DISTRIBUTEUR);0150                       N/A;SALADES;MELANGE ORIENTAL;ARTICLES GP;PFC+ FRAIS;JEUNES POUSSES MISTE;NO;MDD;7;('GWJ012BND080FS',)
174;GWJ018CQT125FS;FRACQTMESAWJ;FRACQTMESA;FRACQT;FRA05;MEL SALADES JP;MELANGES SALADES;COOP ITALIE;MDD (MARQUE DE DISTRIBUTEUR);0125                       N/A;SALADES;GRAN MIX RICCA;ARTICLES GP;PFC+ FRAIS;JEUNES POUSSES MISTE;NO;MDD;7;('GWJ012BND080FS',)
175;GWL006CQT150FS;FRACQTMESAWL;FRACQTMESA;FRACQT;FRA05;MEL SALADES MACHE + ADULT + JP;MELANGES SALADES;COOP ITALIE;MDD (MARQUE DE DISTRIBUTEUR);0150                       N/A;SALADES;MELANGE BRIOSA;ARTICLES GP;PFC+ FRAIS;ADULTE MISTE;NO;MDD;7;('GWJ012BND080FS',)
176;GWM008CQT150FS;FRACQTMESAWM;FRACQTMESA;FRACQT;FRA05;MEL SALADES GOURMANDES;MELANGES SALADES;COOP ITALIE;MDD (MARQUE DE DISTRIBUTEUR);0150                       N/A;SALADES;DELICIEUSE;ARTICLES GP;PFC+ FRAIS;ADULTE MISTE;NO;MDD;5;('GKC005ESB100FS',)
177;GWT025CQT150FP;FRACQTMESAWT;FRACQTMESA;FRACQT;FRA05;MEL SALADE + AUTRES COMPOSANTS;MELANGES SALADES;COOP ITALIE;MDD (MARQUE DE DISTRIBUTEUR);0150                       N/A;SALADES;SALADE VIVE;ARTICLES GP;PFC+ FRAIS;ADULTE MISTE;NO;MDD;9;('GWM007NTA150FS',)
178;GCH006DCO200FS;FRADCOCAROCH;FRADCOCARO;FRADCO;FRA05;GROSSES CAROTTES;CAROTTES;DECO;MDD (MARQUE DE DISTRIBUTEUR);0200                       N/A;LEGUMES;CAROTTES JULIENNES;ARTICLES GP;PFC+ FRAIS;ARRICCHITORI;NO;MDD;7;('GWJ012BND080FS',)
179;GEP006DCO500FS;FRADCOEPINEP;FRADCOEPIN;FRADCO;FRA05;EPINARDS;EPINARDS;DECO;MDD (MARQUE DE DISTRIBUTEUR);0500                       N/A;SALADES;EPINARD A CUIRE;ARTICLES GP;PFC+ FRAIS;DA CUOCERE;NO;MDD;5;('GKC005ESB100FS',)
180;GCO002DCO100FS;FRADCOJPOUCO;FRADCOJPOU;FRADCO;FRA05;ROQUETTE;JEUNES POUSSES;DECO;MDD (MARQUE DE DISTRIBUTEUR);0100                       N/A;SALADES;ROQUETTE;ARTICLES GP;PFC+ FRAIS;JEUNES POUSSES MONO;NO;MDD;7;('GWJ012BND080FS',)
181;GKF001DCO500FS;FRADCOKCHIKF;FRADCOKCHI;FRADCO;FRA05;FRISEE;CHICOREE;DECO;MDD (MARQUE DE DISTRIBUTEUR);0500                       N/A;SALADES;COEUR DE FRISEE;ARTICLES GP;PFC+ FRAIS;ADULTE MONO;NO;MDD;9;('GWM007NTA150FS',)
182;GKS001DCO500FS;FRADCOKCHIKS;FRADCOKCHI;FRADCO;FRA05;SCAROLE;CHICOREE;DECO;MDD (MARQUE DE DISTRIBUTEUR);0500                       N/A;SALADES;COEUR DE SCAROLE;ARTICLES GP;PFC+ FRAIS;JEUNES POUSSES MONO;NO;MDD;9;('GWM007NTA150FS',)
183;GLI002DCO250FS;FRADCOLAITLI;FRADCOLAIT;FRADCO;FRA05;ICEBERG;LAITUE;DECO;MDD (MARQUE DE DISTRIBUTEUR);0250                       N/A;SALADES;LAITUE ICEBERG;ARTICLES GP;PFC+ FRAIS;ADULTE MONO;NO;MDD;8;('GWF021CAE180FS',)
184;GLV001DCO100FS;FRADCOLAITLV;FRADCOLAIT;FRADCO;FRA05;BATAVIA V;LAITUE;DECO;MDD (MARQUE DE DISTRIBUTEUR);0100                       N/A;SALADES;BATAVIA;ARTICLES GP;PFC+ FRAIS;JEUNES POUSSES MONO;NO;MDD;7;('GWJ012BND080FS',)
185;GWC012DCO200FS;FRADCOMESAWC;FRADCOMESA;FRADCO;FRA05;MEL SALADES CHICOREE ADULTES;MELANGES SALADES;DECO;MDD (MARQUE DE DISTRIBUTEUR);0200                       N/A;SALADES;SALADE MIXTE;ARTICLES GP;PFC+ FRAIS;ADULTE MISTE;NO;MDD;7;('GWJ012BND080FS',)
186;GWF001DCO200FP;FRADCOMESAWF;FRADCOMESA;FRADCO;FRA05;MEL SALADES TP+AD+CRUDITE;MELANGES SALADES;DECO;MDD (MARQUE DE DISTRIBUTEUR);0200                       N/A;SALADES;POKER;ARTICLES GP;PFC+ FRAIS;INSALATE + CRUDITE;NO;MDD;7;('GWJ012BND080FS',)
187;GWF020DCO150FS;FRADCOMESAWF;FRADCOMESA;FRADCO;FRA05;MEL SALADES TP+AD+CRUDITE;MELANGES SALADES;DECO;MDD (MARQUE DE DISTRIBUTEUR);0150                       N/A;SALADES;MEL GRAN GUSTO;ARTICLES GP;PFC+ FRAIS;ADULTE MISTE;NO;MDD;9;('GWM007NTA150FS',)
188;GWJ012DCO100FS;FRADCOMESAWJ;FRADCOMESA;FRADCO;FRA05;MEL SALADES JP;MELANGES SALADES;DECO;MDD (MARQUE DE DISTRIBUTEUR);0100                       N/A;SALADES;MYSTIQUE;ARTICLES GP;PFC+ FRAIS;JEUNES POUSSES MISTE;NO;MDD;7;('GWJ012BND080FS',)
189;GBA001DLZ080FS;FRADLZBOUQBA;FRADLZBOUQ;FRADLZ;FRA05;MACHE 4G;BOUQUETS;LE DELIZIE;MDD (MARQUE DE DISTRIBUTEUR);0080                       N/A;SALADES;MACHE;ARTICLES GP;PFC+ FRAIS;JEUNES POUSSES MONO;NO;MDD;5;('GKC005ESB100FS',)
190;GCH006DLZ200FS;FRADLZCAROCH;FRADLZCARO;FRADLZ;FRA05;GROSSES CAROTTES;CAROTTES;LE DELIZIE;MDD (MARQUE DE DISTRIBUTEUR);0200                       N/A;LEGUMES;CAROTTES JULIENNES;ARTICLES GP;PFC+ FRAIS;ARRICCHITORI;NO;MDD;7;('GWJ012BND080FS',)
191;GCO002DLZ080FS;FRADLZJPOUCO;FRADLZJPOU;FRADLZ;FRA05;ROQUETTE;JEUNES POUSSES;LE DELIZIE;MDD (MARQUE DE DISTRIBUTEUR);0080                       N/A;SALADES;ROQUETTE;ARTICLES GP;PFC+ FRAIS;JEUNES POUSSES MONO;NO;MDD;7;('GWJ012BND080FS',)
192;GLI002DLZ200FS;FRADLZLAITLI;FRADLZLAIT;FRADLZ;FRA05;ICEBERG;LAITUE;LE DELIZIE;MDD (MARQUE DE DISTRIBUTEUR);0200                       N/A;SALADES;LAITUE ICEBERG;ARTICLES GP;PFC+ FRAIS;ADULTE MONO;NO;MDD;7;('GWJ012BND080FS',)
193;GLV001DLZ080FS;FRADLZLAITLV;FRADLZLAIT;FRADLZ;FRA05;BATAVIA V;LAITUE;LE DELIZIE;MDD (MARQUE DE DISTRIBUTEUR);0080                       N/A;SALADES;BATAVIA;ARTICLES GP;PFC+ FRAIS;JEUNES POUSSES MONO;NO;MDD;7;('GWJ012BND080FS',)
194;GWC017DLZ180FS;FRADLZMESAWC;FRADLZMESA;FRADLZ;FRA05;MEL SALADES CHICOREE ADULTES;MELANGES SALADES;LE DELIZIE;MDD (MARQUE DE DISTRIBUTEUR);0180                       N/A;SALADES;MELANGE CLASSIQUE;ARTICLES GP;PFC+ FRAIS;ADULTE MISTE;NO;MDD;7;('GWJ012BND080FS',)
195;GWF014DLZ200FS;FRADLZMESAWF;FRADLZMESA;FRADLZ;FRA05;MEL SALADES TP+AD+CRUDITE;MELANGES SALADES;LE DELIZIE;MDD (MARQUE DE DISTRIBUTEUR);0200                       N/A;SALADES;MELANGE FANTAISIE;ARTICLES GP;PFC+ FRAIS;INSALATE + CRUDITE;NO;MDD;7;('GWJ012BND080FS',)
196;GWP013DLZ080FS;FRADLZMESAWP;FRADLZMESA;FRADLZ;FRA05;MEL SALADES MACHE + JP;MELANGES SALADES;LE DELIZIE;MDD (MARQUE DE DISTRIBUTEUR);0080                       N/A;SALADES;MELANGE TENDRE;ARTICLES GP;PFC+ FRAIS;JEUNES POUSSES MISTE;NO;MDD;7;('GWJ012BND080FS',)
197;GBA003ESB100FS;FRAESBBOUQBA;FRAESBBOUQ;FRAESB;FRA05;MACHE 4G;BOUQUETS;ESSELUNGA BIO;MDD (MARQUE DE DISTRIBUTEUR);0100                       N/A;SALADES;MACHE BIO;ARTICLES GP;PFC+ FRAIS;JEUNES POUSSES MONO;YES;MDD;2;('GLI002BND200FS',)
198;GCH004ESB200FS;FRAESBCAROCH;FRAESBCARO;FRAESB;FRA05;GROSSES CAROTTES;CAROTTES;ESSELUNGA BIO;MDD (MARQUE DE DISTRIBUTEUR);0200                       N/A;LEGUMES;CAROTTE BIO;ARTICLES GP;PFC+ FRAIS;ARRICCHITORI;YES;MDD;8;('GWF021CAE180FS',)
199;GCO003ESB100FS;FRAESBJPOUCO;FRAESBJPOU;FRAESB;FRA05;ROQUETTE;JEUNES POUSSES;ESSELUNGA BIO;MDD (MARQUE DE DISTRIBUTEUR);0100                       N/A;SALADES;ROQUETTE BIO;ARTICLES GP;PFC+ FRAIS;JEUNES POUSSES MONO;YES;MDD;6;('GLV001SLX080FS',)
200;GKC005ESB100FS;FRAESBKCHIKC;FRAESBKCHI;FRAESB;FRA05;CHICOREE;CHICOREE;ESSELUNGA BIO;MDD (MARQUE DE DISTRIBUTEUR);0100                       N/A;SALADES;CHICOREE ROUGE BIO;ARTICLES GP;PFC+ FRAIS;ADULTE MISTE;YES;MDD;5;('GKC005ESB100FS',)
201;GKP004ESB100FS;FRAESBKCHIKP;FRAESBKCHI;FRAESB;FRA05;PAIN DE SUCRE;CHICOREE;ESSELUNGA BIO;MDD (MARQUE DE DISTRIBUTEUR);0100                       N/A;SALADES;PAIN DE SUCRE BIO;ARTICLES GP;PFC+ FRAIS;ADULTE MONO;YES;MDD;5;('GKC005ESB100FS',)
202;GLV005ESB150FS;FRAESBLAITLV;FRAESBLAIT;FRAESB;FRA05;BATAVIA V;LAITUE;ESSELUNGA BIO;MDD (MARQUE DE DISTRIBUTEUR);0150                       N/A;SALADES;BATAVIA VERTE BIO;ARTICLES GP;PFC+ FRAIS;JEUNES POUSSES MONO;YES;MDD;7;('GWJ012BND080FS',)
203;GWC015ESB200FS;FRAESBMESAWC;FRAESBMESA;FRAESB;FRA05;MEL SALADES CHICOREE ADULTES;MELANGES SALADES;ESSELUNGA BIO;MDD (MARQUE DE DISTRIBUTEUR);0200                       N/A;SALADES;SALADE MIXTE BIO;ARTICLES GP;PFC+ FRAIS;ADULTE MISTE;YES;MDD;5;('GKC005ESB100FS',)
204;GWG034ESB200FS;FRAESBMESAWG;FRAESBMESA;FRAESB;FRA05;MEL SALADES AD+CRUDITE;MELANGES SALADES;ESSELUNGA BIO;MDD (MARQUE DE DISTRIBUTEUR);0200                       N/A;SALADES;MELANGE JULIENNE BIO;ARTICLES GP;PFC+ FRAIS;INSALATE + CRUDITE;YES;MDD;5;('GKC005ESB100FS',)
205;GWJ016ESB125FS;FRAESBMESAWJ;FRAESBMESA;FRAESB;FRA05;MEL SALADES JP;MELANGES SALADES;ESSELUNGA BIO;MDD (MARQUE DE DISTRIBUTEUR);0125                       N/A;SALADES;MYSTIQUE BIO;ARTICLES GP;PFC+ FRAIS;JEUNES POUSSES MISTE;YES;MDD;5;('GKC005ESB100FS',)
206;GWP006ESB125FS;FRAESBMESAWP;FRAESBMESA;FRAESB;FRA05;MEL SALADES MACHE + JP;MELANGES SALADES;ESSELUNGA BIO;MDD (MARQUE DE DISTRIBUTEUR);0125                       N/A;SALADES;ERBAVOGLIO;ARTICLES GP;PFC+ FRAIS;JEUNES POUSSES MISTE;YES;MDD;5;('GKC005ESB100FS',)
207;GEP004ESE150FP;FRAESEJPOUEP;FRAESEJPOU;FRAESE;FRA05;EPINARDS;JEUNES POUSSES;ESSELUNGA;MDD (MARQUE DE DISTRIBUTEUR);0150                       N/A;SALADES;EPINARD NOUVEAU;ARTICLES GP;PFC+ FRAIS;JEUNES POUSSES MONO;NO;MDD;5;('GKC005ESB100FS',)
208;GKC002ESE200FP;FRAESEKCHIKC;FRAESEKCHI;FRAESE;FRA05;CHICOREE;CHICOREE;ESSELUNGA;MDD (MARQUE DE DISTRIBUTEUR);0200                       N/A;SALADES;CHICOREE LANIERE;ARTICLES GP;PFC+ FRAIS;JEUNES POUSSES MONO;NO;MDD;5;('GKC005ESB100FS',)
209;GKC003ESE100FP;FRAESEKCHIKC;FRAESEKCHI;FRAESE;FRA05;CHICOREE;CHICOREE;ESSELUNGA;MDD (MARQUE DE DISTRIBUTEUR);0100                       N/A;SALADES;CHICOREE JEUNE;ARTICLES GP;PFC+ FRAIS;JEUNES POUSSES MONO;NO;MDD;7;('GWJ012BND080FS',)
210;GLA001ESE200FS;FRAESELAITLA;FRAESELAIT;FRAESE;FRA05;LAITUE;LAITUE;ESSELUNGA;MDD (MARQUE DE DISTRIBUTEUR);0200                       N/A;SALADES;COEUR DE LAITUE;ARTICLES GP;PFC+ FRAIS;ADULTE MONO;NO;MDD;9;('GWM007NTA150FS',)
211;GLI002ESE200FS;FRAESELAITLI;FRAESELAIT;FRAESE;FRA05;ICEBERG;LAITUE;ESSELUNGA;MDD (MARQUE DE DISTRIBUTEUR);0200                       N/A;SALADES;LAITUE ICEBERG;ARTICLES GP;PFC+ FRAIS;ADULTE MONO;NO;MDD;8;('GWF021CAE180FS',)
212;GWG021ESE150FS;FRAESEMESAWG;FRAESEMESA;FRAESE;FRA05;MEL SALADES AD+CRUDITE;MELANGES SALADES;ESSELUNGA;MDD (MARQUE DE DISTRIBUTEUR);0150                       N/A;SALADES;SALADE AROMATIQUE;ARTICLES GP;PFC+ FRAIS;JULIENNE;NO;MDD;5;('GKC005ESB100FS',)
213;GWG022ESE250FS;FRAESEMESAWG;FRAESEMESA;FRAESE;FRA05;MEL SALADES AD+CRUDITE;MELANGES SALADES;ESSELUNGA;MDD (MARQUE DE DISTRIBUTEUR);0250                       N/A;SALADES;ICEBERG CAROTTES;ARTICLES GP;PFC+ FRAIS;INSALATE + CRUDITE;NO;MDD;1;('GCO002BNR300FS',)
214;GWJ010ESE150FS;FRAESEMESAWJ;FRAESEMESA;FRAESE;FRA05;MEL SALADES JP;MELANGES SALADES;ESSELUNGA;MDD (MARQUE DE DISTRIBUTEUR);0150                       N/A;SALADES;MELANGE ORIENTAL;ARTICLES GP;PFC+ FRAIS;JEUNES POUSSES MISTE;NO;MDD;7;('GWJ012BND080FS',)
215;GWJ017ESE125FS;FRAESEMESAWJ;FRAESEMESA;FRAESE;FRA05;MEL SALADES JP;MELANGES SALADES;ESSELUNGA;MDD (MARQUE DE DISTRIBUTEUR);0125                       N/A;SALADES;MELANGE DELICAT;ARTICLES GP;PFC+ FRAIS;JEUNES POUSSES MISTE;NO;MDD;7;('GWJ012BND080FS',)
216;GWJ035ESE125FS;FRAESEMESAWJ;FRAESEMESA;FRAESE;FRA05;MEL SALADES JP;MELANGES SALADES;ESSELUNGA;MDD (MARQUE DE DISTRIBUTEUR);0125                       N/A;SALADES;MELANGE CAPRICIEUX;ARTICLES GP;PFC+ FRAIS;JEUNES POUSSES MISTE;NO;MDD;8;('GWF021CAE180FS',)
217;GWK006ESE200FS;FRAESEMESAWK;FRAESEMESA;FRAESE;FRA05;MEL SALADES JP + ADULTES;MELANGES SALADES;ESSELUNGA;MDD (MARQUE DE DISTRIBUTEUR);0200                       N/A;SALADES;DUO ROQUETTE/CHIOGGIA;ARTICLES GP;PFC+ FRAIS;ADULTE MISTE;NO;MDD;9;('GWM007NTA150FS',)
218;GWT031ESE250BQ;FRAESEMESAWT;FRAESEMESA;FRAESE;FRA05;MEL SALADE + AUTRES COMPOSANTS;MELANGES SALADES;ESSELUNGA;MDD (MARQUE DE DISTRIBUTEUR);0250                       BRQ;SALADES;MEDITERRANEE;ARTICLES GP;PFC+ FRAIS;CIOTOLE;NO;MDD;5;('GKC005ESB100FS',)
219;GBE001FTG400FS;FRAFTGAUTLBE;FRAFTGAUTL;FRAFTG;FRA05;BETTES;AUTRES LEGUMES;FANTINATO GROUP;MDD (MARQUE DE DISTRIBUTEUR);0400                       N/A;SALADES;FEUILLE DE BETTE;ARTICLES GP;PFC+ FRAIS;DA CUOCERE;NO;MDD;5;('GKC005ESB100FS',)
220;GBA001FTG100FS;FRAFTGBOUQBA;FRAFTGBOUQ;FRAFTG;FRA05;MACHE 4G;BOUQUETS;FANTINATO GROUP;MDD (MARQUE DE DISTRIBUTEUR);0100                       N/A;SALADES;MACHE;ARTICLES GP;PFC+ FRAIS;JEUNES POUSSES MONO;NO;MDD;9;('GWM007NTA150FS',)
221;GEP006FTG400FS;FRAFTGEPINEP;FRAFTGEPIN;FRAFTG;FRA05;EPINARDS;EPINARDS;FANTINATO GROUP;MDD (MARQUE DE DISTRIBUTEUR);0400                       N/A;SALADES;EPINARD A CUIRE;ARTICLES GP;PFC+ FRAIS;DA CUOCERE;NO;MDD;5;('GKC005ESB100FS',)
222;GCO002FTG100FS;FRAFTGJPOUCO;FRAFTGJPOU;FRAFTG;FRA05;ROQUETTE;JEUNES POUSSES;FANTINATO GROUP;MDD (MARQUE DE DISTRIBUTEUR);0100                       N/A;SALADES;ROQUETTE;ARTICLES GP;PFC+ FRAIS;JEUNES POUSSES MONO;NO;MDD;7;('GWJ012BND080FS',)
223;GLI002FTG200FS;FRAFTGLAITLI;FRAFTGLAIT;FRAFTG;FRA05;ICEBERG;LAITUE;FANTINATO GROUP;MDD (MARQUE DE DISTRIBUTEUR);0200                       N/A;SALADES;LAITUE ICEBERG;ARTICLES GP;PFC+ FRAIS;ADULTE MONO;NO;MDD;5;('GKC005ESB100FS',)
224;GLV001FTG100FS;FRAFTGLAITLV;FRAFTGLAIT;FRAFTG;FRA05;BATAVIA V;LAITUE;FANTINATO GROUP;MDD (MARQUE DE DISTRIBUTEUR);0100                       N/A;SALADES;BATAVIA;ARTICLES GP;PFC+ FRAIS;JEUNES POUSSES MONO;NO;MDD;9;('GWM007NTA150FS',)
225;GWC012FTG200FS;FRAFTGMESAWC;FRAFTGMESA;FRAFTG;FRA05;MEL SALADES CHICOREE ADULTES;MELANGES SALADES;FANTINATO GROUP;MDD (MARQUE DE DISTRIBUTEUR);0200                       N/A;SALADES;SALADE MIXTE;ARTICLES GP;PFC+ FRAIS;ADULTE MISTE;NO;MDD;9;('GWM007NTA150FS',)
226;GWC026FTG200FS;FRAFTGMESAWC;FRAFTGMESA;FRAFTG;FRA05;MEL SALADES CHICOREE ADULTES;MELANGES SALADES;FANTINATO GROUP;MDD (MARQUE DE DISTRIBUTEUR);0200                       N/A;SALADES;DEUX SAVEURS;ARTICLES GP;PFC+ FRAIS;ADULTE MISTE;NO;MDD;9;('GWM007NTA150FS',)
227;GWJ012FTG100FS;FRAFTGMESAWJ;FRAFTGMESA;FRAFTG;FRA05;MEL SALADES JP;MELANGES SALADES;FANTINATO GROUP;MDD (MARQUE DE DISTRIBUTEUR);0100                       N/A;SALADES;MYSTIQUE;ARTICLES GP;PFC+ FRAIS;JEUNES POUSSES MISTE;NO;MDD;5;('GKC005ESB100FS',)
228;GBA001JLG100FS;FRAJLGBOUQBA;FRAJLGBOUQ;FRAJLG;FRA05;MACHE 4G;BOUQUETS;IL GIGANTE;MDD (MARQUE DE DISTRIBUTEUR);0100                       N/A;SALADES;MACHE;ARTICLES GP;PFC+ FRAIS;JEUNES POUSSES MONO;NO;MDD;7;('GWJ012BND080FS',)
229;GBA001JLG200FS;FRAJLGBOUQBA;FRAJLGBOUQ;FRAJLG;FRA05;MACHE 4G;BOUQUETS;IL GIGANTE;MDD (MARQUE DE DISTRIBUTEUR);0200                       N/A;SALADES;MACHE;ARTICLES GP;PFC+ FRAIS;JEUNES POUSSES MONO;NO;MDD;5;('GKC005ESB100FS',)
230;GCH006JLG200FP;FRAJLGCAROCH;FRAJLGCARO;FRAJLG;FRA05;GROSSES CAROTTES;CAROTTES;IL GIGANTE;MDD (MARQUE DE DISTRIBUTEUR);0200                       N/A;LEGUMES;CAROTTES JULIENNES;ARTICLES GP;PFC+ FRAIS;ARRICCHITORI;NO;MDD;9;('GWM007NTA150FS',)
231;GCO002JLG100FS;FRAJLGJPOUCO;FRAJLGJPOU;FRAJLG;FRA05;ROQUETTE;JEUNES POUSSES;IL GIGANTE;MDD (MARQUE DE DISTRIBUTEUR);0100                       N/A;SALADES;ROQUETTE;ARTICLES GP;PFC+ FRAIS;JEUNES POUSSES MONO;NO;MDD;7;('GWJ012BND080FS',)
232;GCO002JLG200FS;FRAJLGJPOUCO;FRAJLGJPOU;FRAJLG;FRA05;ROQUETTE;JEUNES POUSSES;IL GIGANTE;MDD (MARQUE DE DISTRIBUTEUR);0200                       N/A;SALADES;ROQUETTE;ARTICLES GP;PFC+ FRAIS;JEUNES POUSSES MONO;NO;MDD;7;('GWJ012BND080FS',)
233;GKC002JLG200FP;FRAJLGKCHIKC;FRAJLGKCHI;FRAJLG;FRA05;CHICOREE;CHICOREE;IL GIGANTE;MDD (MARQUE DE DISTRIBUTEUR);0200                       N/A;SALADES;CHICOREE LANIERE;ARTICLES GP;PFC+ FRAIS;JEUNES POUSSES MONO;NO;MDD;10;('GBA005BND080FS',)
234;GLA001JLG200FS;FRAJLGLAITLA;FRAJLGLAIT;FRAJLG;FRA05;LAITUE;LAITUE;IL GIGANTE;MDD (MARQUE DE DISTRIBUTEUR);0200                       N/A;SALADES;COEUR DE LAITUE;ARTICLES GP;PFC+ FRAIS;ADULTE MONO;NO;MDD;7;('GWJ012BND080FS',)
235;GLI002JLG200FS;FRAJLGLAITLI;FRAJLGLAIT;FRAJLG;FRA05;ICEBERG;LAITUE;IL GIGANTE;MDD (MARQUE DE DISTRIBUTEUR);0200                       N/A;SALADES;LAITUE ICEBERG;ARTICLES GP;PFC+ FRAIS;ADULTE MONO;NO;MDD;5;('GKC005ESB100FS',)
236;GLV001JLG100FS;FRAJLGLAITLV;FRAJLGLAIT;FRAJLG;FRA05;BATAVIA V;LAITUE;IL GIGANTE;MDD (MARQUE DE DISTRIBUTEUR);0100                       N/A;SALADES;BATAVIA;ARTICLES GP;PFC+ FRAIS;JEUNES POUSSES MONO;NO;MDD;7;('GWJ012BND080FS',)
237;GLV001JLG200FS;FRAJLGLAITLV;FRAJLGLAIT;FRAJLG;FRA05;BATAVIA V;LAITUE;IL GIGANTE;MDD (MARQUE DE DISTRIBUTEUR);0200                       N/A;SALADES;BATAVIA;ARTICLES GP;PFC+ FRAIS;JEUNES POUSSES MONO;NO;MDD;5;('GKC005ESB100FS',)
238;GWC016JLG300FS;FRAJLGMESAWC;FRAJLGMESA;FRAJLG;FRA05;MEL SALADES CHICOREE ADULTES;MELANGES SALADES;IL GIGANTE;MDD (MARQUE DE DISTRIBUTEUR);0300                       N/A;SALADES;MELANGE CONVENABLE;ARTICLES GP;PFC+ FRAIS;ADULTE MISTE;NO;MDD;5;('GKC005ESB100FS',)
239;GWC028JLG200FS;FRAJLGMESAWC;FRAJLGMESA;FRAJLG;FRA05;MEL SALADES CHICOREE ADULTES;MELANGES SALADES;IL GIGANTE;MDD (MARQUE DE DISTRIBUTEUR);0200                       N/A;SALADES;TIGES DELICIEUSES;ARTICLES GP;PFC+ FRAIS;INSALATE + CRUDITE;NO;MDD;5;('GKC005ESB100FS',)
240;GWF001JLG200FP;FRAJLGMESAWF;FRAJLGMESA;FRAJLG;FRA05;MEL SALADES TP+AD+CRUDITE;MELANGES SALADES;IL GIGANTE;MDD (MARQUE DE DISTRIBUTEUR);0200                       N/A;SALADES;POKER;ARTICLES GP;PFC+ FRAIS;INSALATE + CRUDITE;NO;MDD;5;('GKC005ESB100FS',)
241;GWJ012JLG200FS;FRAJLGMESAWJ;FRAJLGMESA;FRAJLG;FRA05;MEL SALADES JP;MELANGES SALADES;IL GIGANTE;MDD (MARQUE DE DISTRIBUTEUR);0200                       N/A;SALADES;MYSTIQUE;ARTICLES GP;PFC+ FRAIS;JEUNES POUSSES MISTE;NO;MDD;6;('GLV001SLX080FS',)
242;GWM001JLG200FS;FRAJLGMESAWM;FRAJLGMESA;FRAJLG;FRA05;MEL SALADES GOURMANDES;MELANGES SALADES;IL GIGANTE;MDD (MARQUE DE DISTRIBUTEUR);0200                       N/A;SALADES;GOURMANDE;ARTICLES GP;PFC+ FRAIS;ADULTE MISTE;NO;MDD;5;('GKC005ESB100FS',)
243;GWP011JLG200FS;FRAJLGMESAWP;FRAJLGMESA;FRAJLG;FRA05;MEL SALADES MACHE + JP;MELANGES SALADES;IL GIGANTE;MDD (MARQUE DE DISTRIBUTEUR);0200                       N/A;SALADES;GRAN MIX;ARTICLES GP;PFC+ FRAIS;JEUNES POUSSES MISTE;NO;MDD;7;('GWJ012BND080FS',)
244;GBA001NTA125FS;FRANTABOUQBA;FRANTABOUQ;FRANTA;FRA05;MACHE 4G;BOUQUETS;NATURAMA;MDD (MARQUE DE DISTRIBUTEUR);0125                       N/A;SALADES;MACHE;ARTICLES GP;PFC+ FRAIS;JEUNES POUSSES MONO;NO;MDD;7;('GWJ012BND080FS',)
245;GBA001NTA200FS;FRANTABOUQBA;FRANTABOUQ;FRANTA;FRA05;MACHE 4G;BOUQUETS;NATURAMA;MDD (MARQUE DE DISTRIBUTEUR);0200                       N/A;SALADES;MACHE;ARTICLES GP;PFC+ FRAIS;JEUNES POUSSES MONO;NO;MDD;10;('GBA005BND080FS',)
246;GCO002NTA100FS;FRANTAJPOUCO;FRANTAJPOU;FRANTA;FRA05;ROQUETTE;JEUNES POUSSES;NATURAMA;MDD (MARQUE DE DISTRIBUTEUR);0100                       N/A;SALADES;ROQUETTE;ARTICLES GP;PFC+ FRAIS;JEUNES POUSSES MONO;NO;MDD;8;('GWF021CAE180FS',)
247;GCO002NTA200FS;FRANTAJPOUCO;FRANTAJPOU;FRANTA;FRA05;ROQUETTE;JEUNES POUSSES;NATURAMA;MDD (MARQUE DE DISTRIBUTEUR);0200                       N/A;SALADES;ROQUETTE;ARTICLES GP;PFC+ FRAIS;JEUNES POUSSES MONO;NO;MDD;8;('GWF021CAE180FS',)
248;GLV001NTA100FS;FRANTALAITLV;FRANTALAIT;FRANTA;FRA05;BATAVIA V;LAITUE;NATURAMA;MDD (MARQUE DE DISTRIBUTEUR);0100                       N/A;SALADES;BATAVIA;ARTICLES GP;PFC+ FRAIS;JEUNES POUSSES MONO;NO;MDD;8;('GWF021CAE180FS',)
249;GLV001NTA200FS;FRANTALAITLV;FRANTALAIT;FRANTA;FRA05;BATAVIA V;LAITUE;NATURAMA;MDD (MARQUE DE DISTRIBUTEUR);0200                       N/A;SALADES;BATAVIA;ARTICLES GP;PFC+ FRAIS;JEUNES POUSSES MONO;NO;MDD;7;('GWJ012BND080FS',)
250;GWC012NTA250FS;FRANTAMESAWC;FRANTAMESA;FRANTA;FRA05;MEL SALADES CHICOREE ADULTES;MELANGES SALADES;NATURAMA;MDD (MARQUE DE DISTRIBUTEUR);0250                       N/A;SALADES;SALADE MIXTE;ARTICLES GP;PFC+ FRAIS;ADULTE MISTE;NO;MDD;9;('GWM007NTA150FS',)
251;GWJ012NTA125FS;FRANTAMESAWJ;FRANTAMESA;FRANTA;FRA05;MEL SALADES JP;MELANGES SALADES;NATURAMA;MDD (MARQUE DE DISTRIBUTEUR);0125                       N/A;SALADES;MYSTIQUE;ARTICLES GP;PFC+ FRAIS;JEUNES POUSSES MISTE;NO;MDD;6;('GLV001SLX080FS',)
252;GWJ012NTA200FS;FRANTAMESAWJ;FRANTAMESA;FRANTA;FRA05;MEL SALADES JP;MELANGES SALADES;NATURAMA;MDD (MARQUE DE DISTRIBUTEUR);0200                       N/A;SALADES;MYSTIQUE;ARTICLES GP;PFC+ FRAIS;JEUNES POUSSES MISTE;NO;MDD;8;('GWF021CAE180FS',)
253;GWM007NTA150FS;FRANTAMESAWM;FRANTAMESA;FRANTA;FRA05;MEL SALADES GOURMANDES;MELANGES SALADES;NATURAMA;MDD (MARQUE DE DISTRIBUTEUR);0150                       N/A;SALADES;MACHE & CHIOGGIA;ARTICLES GP;PFC+ FRAIS;ADULTE MISTE;NO;MDD;9;('GWM007NTA150FS',)
254;GWM011NTA200FS;FRANTAMESAWM;FRANTAMESA;FRANTA;FRA05;MEL SALADES GOURMANDES;MELANGES SALADES;NATURAMA;MDD (MARQUE DE DISTRIBUTEUR);0200                       N/A;SALADES;ALLEGRA;ARTICLES GP;PFC+ FRAIS;ADULTE MISTE;NO;MDD;9;('GWM007NTA150FS',)
255;GWP010NTA125FS;FRANTAMESAWP;FRANTAMESA;FRANTA;FRA05;MEL SALADES MACHE + JP;MELANGES SALADES;NATURAMA;MDD (MARQUE DE DISTRIBUTEUR);0125                       N/A;SALADES;MACHE & ROQUETTE;ARTICLES GP;PFC+ FRAIS;JEUNES POUSSES MISTE;NO;MDD;7;('GWJ012BND080FS',)
256;GBA001PAM070FP;FRAPAMBOUQBA;FRAPAMBOUQ;FRAPAM;FRA05;MACHE 4G;BOUQUETS;PAM & PANORAMA;MDD (MARQUE DE DISTRIBUTEUR);0070                       N/A;SALADES;MACHE;ARTICLES GP;PFC+ FRAIS;JEUNES POUSSES MONO;NO;MDD;5;('GKC005ESB100FS',)
257;GBA001PAM200FS;FRAPAMBOUQBA;FRAPAMBOUQ;FRAPAM;FRA05;MACHE 4G;BOUQUETS;PAM & PANORAMA;MDD (MARQUE DE DISTRIBUTEUR);0200                       N/A;SALADES;MACHE;ARTICLES GP;PFC+ FRAIS;JEUNES POUSSES MONO;NO;MDD;9;('GWM007NTA150FS',)
258;GBA003PAM125FS;FRAPAMBOUQBA;FRAPAMBOUQ;FRAPAM;FRA05;MACHE 4G;BOUQUETS;PAM & PANORAMA;MDD (MARQUE DE DISTRIBUTEUR);0125                       N/A;SALADES;MACHE BIO;ARTICLES GP;PFC+ FRAIS;JEUNES POUSSES MONO;YES;MDD;3;('TBG001BND180BV',)
259;GCO002PAM080FP;FRAPAMJPOUCO;FRAPAMJPOU;FRAPAM;FRA05;ROQUETTE;JEUNES POUSSES;PAM & PANORAMA;MDD (MARQUE DE DISTRIBUTEUR);0080                       N/A;SALADES;ROQUETTE;ARTICLES GP;PFC+ FRAIS;JEUNES POUSSES MONO;NO;MDD;8;('GWF021CAE180FS',)
260;GCO002PAM200FS;FRAPAMJPOUCO;FRAPAMJPOU;FRAPAM;FRA05;ROQUETTE;JEUNES POUSSES;PAM & PANORAMA;MDD (MARQUE DE DISTRIBUTEUR);0200                       N/A;SALADES;ROQUETTE;ARTICLES GP;PFC+ FRAIS;JEUNES POUSSES MONO;NO;MDD;9;('GWM007NTA150FS',)
261;GCO003PAM125FS;FRAPAMJPOUCO;FRAPAMJPOU;FRAPAM;FRA05;ROQUETTE;JEUNES POUSSES;PAM & PANORAMA;MDD (MARQUE DE DISTRIBUTEUR);0125                       N/A;SALADES;ROQUETTE BIO;ARTICLES GP;PFC+ FRAIS;JEUNES POUSSES MONO;YES;MDD;7;('GWJ012BND080FS',)
262;GLA001PAM150FS;FRAPAMLAITLA;FRAPAMLAIT;FRAPAM;FRA05;LAITUE;LAITUE;PAM & PANORAMA;MDD (MARQUE DE DISTRIBUTEUR);0150                       N/A;SALADES;COEUR DE LAITUE;ARTICLES GP;PFC+ FRAIS;ADULTE MONO;NO;MDD;5;('GKC005ESB100FS',)
263;GLI002PAM250FS;FRAPAMLAITLI;FRAPAMLAIT;FRAPAM;FRA05;ICEBERG;LAITUE;PAM & PANORAMA;MDD (MARQUE DE DISTRIBUTEUR);0250                       N/A;SALADES;LAITUE ICEBERG;ARTICLES GP;PFC+ FRAIS;ADULTE MONO;NO;MDD;5;('GKC005ESB100FS',)
264;GLV001PAM080FP;FRAPAMLAITLV;FRAPAMLAIT;FRAPAM;FRA05;BATAVIA V;LAITUE;PAM & PANORAMA;MDD (MARQUE DE DISTRIBUTEUR);0080                       N/A;SALADES;BATAVIA;ARTICLES GP;PFC+ FRAIS;JEUNES POUSSES MONO;NO;MDD;8;('GWF021CAE180FS',)
265;GLV001PAM200FS;FRAPAMLAITLV;FRAPAMLAIT;FRAPAM;FRA05;BATAVIA V;LAITUE;PAM & PANORAMA;MDD (MARQUE DE DISTRIBUTEUR);0200                       N/A;SALADES;BATAVIA;ARTICLES GP;PFC+ FRAIS;JEUNES POUSSES MONO;NO;MDD;7;('GWJ012BND080FS',)
266;GLV005PAM125FS;FRAPAMLAITLV;FRAPAMLAIT;FRAPAM;FRA05;BATAVIA V;LAITUE;PAM & PANORAMA;MDD (MARQUE DE DISTRIBUTEUR);0125                       N/A;SALADES;BATAVIA VERTE BIO;ARTICLES GP;PFC+ FRAIS;JEUNES POUSSES MONO;YES;MDD;8;('GWF021CAE180FS',)
267;GWC015PAM200FS;FRAPAMMESAWC;FRAPAMMESA;FRAPAM;FRA05;MEL SALADES CHICOREE ADULTES;MELANGES SALADES;PAM & PANORAMA;MDD (MARQUE DE DISTRIBUTEUR);0200                       N/A;SALADES;SALADE MIXTE BIO;ARTICLES GP;PFC+ FRAIS;ADULTE MISTE;YES;MDD;5;('GKC005ESB100FS',)
268;GWJ013PAM125FS;FRAPAMMESAWJ;FRAPAMMESA;FRAPAM;FRA05;MEL SALADES JP;MELANGES SALADES;PAM & PANORAMA;MDD (MARQUE DE DISTRIBUTEUR);0125                       N/A;SALADES;GRAN MIX BIO;ARTICLES GP;PFC+ FRAIS;JEUNES POUSSES MISTE;YES;MDD;8;('GWF021CAE180FS',)
269;GWJ029PAM300FS;FRAPAMMESAWJ;FRAPAMMESA;FRAPAM;FRA05;MEL SALADES JP;MELANGES SALADES;PAM & PANORAMA;MDD (MARQUE DE DISTRIBUTEUR);0300                       N/A;SALADES;TENDRE MIX;ARTICLES GP;PFC+ FRAIS;JEUNES POUSSES MISTE;NO;MDD;7;('GWJ012BND080FS',)
270;GWP007PAM080FP;FRAPAMMESAWP;FRAPAMMESA;FRAPAM;FRA05;MEL SALADES MACHE + JP;MELANGES SALADES;PAM & PANORAMA;MDD (MARQUE DE DISTRIBUTEUR);0080                       N/A;SALADES;MYSTIQUE;ARTICLES GP;PFC+ FRAIS;JEUNES POUSSES MISTE;NO;MDD;8;('GWF021CAE180FS',)
271;GWP007PAM200FS;FRAPAMMESAWP;FRAPAMMESA;FRAPAM;FRA05;MEL SALADES MACHE + JP;MELANGES SALADES;PAM & PANORAMA;MDD (MARQUE DE DISTRIBUTEUR);0200                       N/A;SALADES;MYSTIQUE;ARTICLES GP;PFC+ FRAIS;JEUNES POUSSES MISTE;NO;MDD;9;('GWM007NTA150FS',)
272;GBE001PQC500FS;FRAPQCAUTLBE;FRAPQCAUTL;FRAPQC;FRA05;BETTES;AUTRES LEGUMES;PERCORSO QUALITA' CONAD;MDD (MARQUE DE DISTRIBUTEUR);0500                       N/A;SALADES;FEUILLE DE BETTE;ARTICLES GP;PFC+ FRAIS;DA CUOCERE;NO;MDD;1;('GCO002BNR300FS',)
273;GBA001PQC070FS;FRAPQCBOUQBA;FRAPQCBOUQ;FRAPQC;FRA05;MACHE 4G;BOUQUETS;PERCORSO QUALITA' CONAD;MDD (MARQUE DE DISTRIBUTEUR);0070                       N/A;SALADES;MACHE;ARTICLES GP;PFC+ FRAIS;JEUNES POUSSES MONO;NO;MDD;7;('GWJ012BND080FS',)
274;GBA001PQC125FS;FRAPQCBOUQBA;FRAPQCBOUQ;FRAPQC;FRA05;MACHE 4G;BOUQUETS;PERCORSO QUALITA' CONAD;MDD (MARQUE DE DISTRIBUTEUR);0125                       N/A;SALADES;MACHE;ARTICLES GP;PFC+ FRAIS;JEUNES POUSSES MONO;NO;MDD;5;('GKC005ESB100FS',)
275;GCH006PQC200FS;FRAPQCCAROCH;FRAPQCCARO;FRAPQC;FRA05;GROSSES CAROTTES;CAROTTES;PERCORSO QUALITA' CONAD;MDD (MARQUE DE DISTRIBUTEUR);0200                       N/A;LEGUMES;CAROTTES JULIENNES;ARTICLES GP;PFC+ FRAIS;ARRICCHITORI;NO;MDD;7;('GWJ012BND080FS',)
276;GEP006PQC500FS;FRAPQCEPINEP;FRAPQCEPIN;FRAPQC;FRA05;EPINARDS;EPINARDS;PERCORSO QUALITA' CONAD;MDD (MARQUE DE DISTRIBUTEUR);0500                       N/A;SALADES;EPINARD A CUIRE;ARTICLES GP;PFC+ FRAIS;DA CUOCERE;NO;MDD;5;('GKC005ESB100FS',)
277;GCO002PQC070FS;FRAPQCJPOUCO;FRAPQCJPOU;FRAPQC;FRA05;ROQUETTE;JEUNES POUSSES;PERCORSO QUALITA' CONAD;MDD (MARQUE DE DISTRIBUTEUR);0070                       N/A;SALADES;ROQUETTE;ARTICLES GP;PFC+ FRAIS;JEUNES POUSSES MONO;NO;MDD;7;('GWJ012BND080FS',)
278;GCO002PQC125FS;FRAPQCJPOUCO;FRAPQCJPOU;FRAPQC;FRA05;ROQUETTE;JEUNES POUSSES;PERCORSO QUALITA' CONAD;MDD (MARQUE DE DISTRIBUTEUR);0125                       N/A;SALADES;ROQUETTE;ARTICLES GP;PFC+ FRAIS;JEUNES POUSSES MONO;NO;MDD;7;('GWJ012BND080FS',)
279;GEP004PQC150FP;FRAPQCJPOUEP;FRAPQCJPOU;FRAPQC;FRA05;EPINARDS;JEUNES POUSSES;PERCORSO QUALITA' CONAD;MDD (MARQUE DE DISTRIBUTEUR);0150                       N/A;SALADES;EPINARD NOUVEAU;ARTICLES GP;PFC+ FRAIS;JEUNES POUSSES MONO;NO;MDD;8;('GWF021CAE180FS',)
280;GLA001PQC160FS;FRAPQCLAITLA;FRAPQCLAIT;FRAPQC;FRA05;LAITUE;LAITUE;PERCORSO QUALITA' CONAD;MDD (MARQUE DE DISTRIBUTEUR);0160                       N/A;SALADES;COEUR DE LAITUE;ARTICLES GP;PFC+ FRAIS;ADULTE MONO;NO;MDD;7;('GWJ012BND080FS',)
281;GLI002PQC200FS;FRAPQCLAITLI;FRAPQCLAIT;FRAPQC;FRA05;ICEBERG;LAITUE;PERCORSO QUALITA' CONAD;MDD (MARQUE DE DISTRIBUTEUR);0200                       N/A;SALADES;LAITUE ICEBERG;ARTICLES GP;PFC+ FRAIS;ADULTE MONO;NO;MDD;8;('GWF021CAE180FS',)
282;GLV001PQC070FS;FRAPQCLAITLV;FRAPQCLAIT;FRAPQC;FRA05;BATAVIA V;LAITUE;PERCORSO QUALITA' CONAD;MDD (MARQUE DE DISTRIBUTEUR);0070                       N/A;SALADES;BATAVIA;ARTICLES GP;PFC+ FRAIS;JEUNES POUSSES MONO;NO;MDD;7;('GWJ012BND080FS',)
283;GLV001PQC125FS;FRAPQCLAITLV;FRAPQCLAIT;FRAPQC;FRA05;BATAVIA V;LAITUE;PERCORSO QUALITA' CONAD;MDD (MARQUE DE DISTRIBUTEUR);0125                       N/A;SALADES;BATAVIA;ARTICLES GP;PFC+ FRAIS;JEUNES POUSSES MONO;NO;MDD;7;('GWJ012BND080FS',)
284;GWC017PQC250FS;FRAPQCMESAWC;FRAPQCMESA;FRAPQC;FRA05;MEL SALADES CHICOREE ADULTES;MELANGES SALADES;PERCORSO QUALITA' CONAD;MDD (MARQUE DE DISTRIBUTEUR);0250                       N/A;SALADES;MELANGE CLASSIQUE;ARTICLES GP;PFC+ FRAIS;ADULTE MISTE;NO;MDD;7;('GWJ012BND080FS',)
285;GWF001PQC200FP;FRAPQCMESAWF;FRAPQCMESA;FRAPQC;FRA05;MEL SALADES TP+AD+CRUDITE;MELANGES SALADES;PERCORSO QUALITA' CONAD;MDD (MARQUE DE DISTRIBUTEUR);0200                       N/A;SALADES;POKER;ARTICLES GP;PFC+ FRAIS;INSALATE + CRUDITE;NO;MDD;9;('GWM007NTA150FS',)
286;GWF003PQC250FS;FRAPQCMESAWF;FRAPQCMESA;FRAPQC;FRA05;MEL SALADES TP+AD+CRUDITE;MELANGES SALADES;PERCORSO QUALITA' CONAD;MDD (MARQUE DE DISTRIBUTEUR);0250                       N/A;SALADES;SALADE PAYSANNE;ARTICLES GP;PFC+ FRAIS;INSALATE + CRUDITE;NO;MDD;7;('GWJ012BND080FS',)
287;GWF017PQC220FS;FRAPQCMESAWF;FRAPQCMESA;FRAPQC;FRA05;MEL SALADES TP+AD+CRUDITE;MELANGES SALADES;PERCORSO QUALITA' CONAD;MDD (MARQUE DE DISTRIBUTEUR);0220                       N/A;SALADES;MELANGE DELICAT;ARTICLES GP;PFC+ FRAIS;INSALATE + CRUDITE;NO;MDD;5;('GKC005ESB100FS',)
288;GWG006PQC400FS;FRAPQCMESAWG;FRAPQCMESA;FRAPQC;FRA05;MEL SALADES AD+CRUDITE;MELANGES SALADES;PERCORSO QUALITA' CONAD;MDD (MARQUE DE DISTRIBUTEUR);0400                       N/A;SALADES;MELANGE A CUIRE;ARTICLES GP;PFC+ FRAIS;DA CUOCERE;NO;MDD;5;('GKC005ESB100FS',)
289;GWG022PQC250FS;FRAPQCMESAWG;FRAPQCMESA;FRAPQC;FRA05;MEL SALADES AD+CRUDITE;MELANGES SALADES;PERCORSO QUALITA' CONAD;MDD (MARQUE DE DISTRIBUTEUR);0250                       N/A;SALADES;ICEBERG CAROTTES;ARTICLES GP;PFC+ FRAIS;INSALATE + CRUDITE;NO;MDD;5;('GKC005ESB100FS',)
290;GWJ009PQC125FS;FRAPQCMESAWJ;FRAPQCMESA;FRAPQC;FRA05;MEL SALADES JP;MELANGES SALADES;PERCORSO QUALITA' CONAD;MDD (MARQUE DE DISTRIBUTEUR);0125                       N/A;SALADES;GRAN MIX;ARTICLES GP;PFC+ FRAIS;JEUNES POUSSES MISTE;NO;MDD;8;('GWF021CAE180FS',)
291;GWJ010PQC125FS;FRAPQCMESAWJ;FRAPQCMESA;FRAPQC;FRA05;MEL SALADES JP;MELANGES SALADES;PERCORSO QUALITA' CONAD;MDD (MARQUE DE DISTRIBUTEUR);0125                       N/A;SALADES;MELANGE ORIENTAL;ARTICLES GP;PFC+ FRAIS;JEUNES POUSSES MISTE;NO;MDD;5;('GKC005ESB100FS',)
292;GWM007PQC150FS;FRAPQCMESAWM;FRAPQCMESA;FRAPQC;FRA05;MEL SALADES GOURMANDES;MELANGES SALADES;PERCORSO QUALITA' CONAD;MDD (MARQUE DE DISTRIBUTEUR);0150                       N/A;SALADES;MACHE & CHIOGGIA;ARTICLES GP;PFC+ FRAIS;ADULTE MISTE;NO;MDD;7;('GWJ012BND080FS',)
293;GWM010PQC160FS;FRAPQCMESAWM;FRAPQCMESA;FRAPQC;FRA05;MEL SALADES GOURMANDES;MELANGES SALADES;PERCORSO QUALITA' CONAD;MDD (MARQUE DE DISTRIBUTEUR);0160                       N/A;SALADES;DELICE;ARTICLES GP;PFC+ FRAIS;ADULTE MISTE;NO;MDD;5;('GKC005ESB100FS',)
294;GCO002SCV150FS;FRASCVJPOUCO;FRASCVJPOU;FRASCV;FRA05;ROQUETTE;JEUNES POUSSES;SARDA COME VOI;MDD (MARQUE DE DISTRIBUTEUR);0150                       N/A;SALADES;ROQUETTE;ARTICLES GP;PFC+ FRAIS;JEUNES POUSSES MONO;NO;MDD;6;('GLV001SLX080FS',)
295;GWF022SCV200FS;FRASCVMESAWF;FRASCVMESA;FRASCV;FRA05;MEL SALADES TP+AD+CRUDITE;MELANGES SALADES;SARDA COME VOI;MDD (MARQUE DE DISTRIBUTEUR);0200                       N/A;SALADES;MELANGE RUSTIQUE;ARTICLES GP;PFC+ FRAIS;INSALATE + CRUDITE;NO;MDD;6;('GLV001SLX080FS',)
296;GWK041SCV200FS;FRASCVMESAWF;FRASCVMESA;FRASCV;FRA05;MEL SALADES TP+AD+CRUDITE;MELANGES SALADES;SARDA COME VOI;MDD (MARQUE DE DISTRIBUTEUR);0200                       N/A;SALADES;MISTA TRE GUSTI;ARTICLES GP;PFC+ FRAIS;ADULTE MISTE;NO;MDD;8;('GWF021CAE180FS',)
297;GWG033SCV200FS;FRASCVMESAWG;FRASCVMESA;FRASCV;FRA05;MEL SALADES AD+CRUDITE;MELANGES SALADES;SARDA COME VOI;MDD (MARQUE DE DISTRIBUTEUR);0200                       N/A;SALADES;FRESCA DI STAGIONE;ARTICLES GP;PFC+ FRAIS;INSALATE + CRUDITE;NO;MDD;8;('GWF021CAE180FS',)
298;GWJ008SCV150FS;FRASCVMESAWJ;FRASCVMESA;FRASCV;FRA05;MEL SALADES JP;MELANGES SALADES;SARDA COME VOI;MDD (MARQUE DE DISTRIBUTEUR);0150                       N/A;SALADES;JEUNES POUSSES;ARTICLES GP;PFC+ FRAIS;JEUNES POUSSES MISTE;NO;MDD;8;('GWF021CAE180FS',)
299;GWQ002SCV200FS;FRASCVMESAWQ;FRASCVMESA;FRASCV;FRA05;MEL SAL KCHI AD+BQ+AUTRE AD;MELANGES SALADES;SARDA COME VOI;MDD (MARQUE DE DISTRIBUTEUR);0200                       N/A;SALADES;MELANGE DELICAT;ARTICLES GP;PFC+ FRAIS;INSALATE + CRUDITE;NO;MDD;6;('GLV001SLX080FS',)
300;GBA001SGM100FS;FRASGMBOUQBA;FRASGMBOUQ;FRASGM;FRA05;MACHE 4G;BOUQUETS;SIGMA;MDD (MARQUE DE DISTRIBUTEUR);0100                       N/A;SALADES;MACHE;ARTICLES GP;PFC+ FRAIS;JEUNES POUSSES MONO;NO;MDD;9;('GWM007NTA150FS',)
301;GEP006SGM500FS;FRASGMEPINEP;FRASGMEPIN;FRASGM;FRA05;EPINARDS;EPINARDS;SIGMA;MDD (MARQUE DE DISTRIBUTEUR);0500                       N/A;SALADES;EPINARD A CUIRE;ARTICLES GP;PFC+ FRAIS;DA CUOCERE;NO;MDD;9;('GWM007NTA150FS',)
302;GCO002SGM100FS;FRASGMJPOUCO;FRASGMJPOU;FRASGM;FRA05;ROQUETTE;JEUNES POUSSES;SIGMA;MDD (MARQUE DE DISTRIBUTEUR);0100                       N/A;SALADES;ROQUETTE;ARTICLES GP;PFC+ FRAIS;JEUNES POUSSES MONO;NO;MDD;9;('GWM007NTA150FS',)
303;GLV001SGM100FS;FRASGMLAITLV;FRASGMLAIT;FRASGM;FRA05;BATAVIA V;LAITUE;SIGMA;MDD (MARQUE DE DISTRIBUTEUR);0100                       N/A;SALADES;BATAVIA;ARTICLES GP;PFC+ FRAIS;JEUNES POUSSES MONO;NO;MDD;9;('GWM007NTA150FS',)
304;GWC020SGM200FS;FRASGMMESAWC;FRASGMMESA;FRASGM;FRA05;MEL SALADES CHICOREE ADULTES;MELANGES SALADES;SIGMA;MDD (MARQUE DE DISTRIBUTEUR);0200                       N/A;SALADES;MELANGE 4 SAVEURS;ARTICLES GP;PFC+ FRAIS;ADULTE MISTE;NO;MDD;9;('GWM007NTA150FS',)
305;GBA001SLX080FS;FRASLXBOUQBA;FRASLXBOUQ;FRASLX;FRA05;MACHE 4G;BOUQUETS;SELEX;MDD (MARQUE DE DISTRIBUTEUR);0080                       N/A;SALADES;MACHE;ARTICLES GP;PFC+ FRAIS;JEUNES POUSSES MONO;NO;MDD;6;('GLV001SLX080FS',)
306;GCH006SLX200FS;FRASLXCAROCH;FRASLXCARO;FRASLX;FRA05;GROSSES CAROTTES;CAROTTES;SELEX;MDD (MARQUE DE DISTRIBUTEUR);0200                       N/A;LEGUMES;CAROTTES JULIENNES;ARTICLES GP;PFC+ FRAIS;ARRICCHITORI;NO;MDD;6;('GLV001SLX080FS',)
307;GCO002SLX080FS;FRASLXJPOUCO;FRASLXJPOU;FRASLX;FRA05;ROQUETTE;JEUNES POUSSES;SELEX;MDD (MARQUE DE DISTRIBUTEUR);0080                       N/A;SALADES;ROQUETTE;ARTICLES GP;PFC+ FRAIS;JEUNES POUSSES MONO;NO;MDD;6;('GLV001SLX080FS',)
308;GCO002SLX150FS;FRASLXJPOUCO;FRASLXJPOU;FRASLX;FRA05;ROQUETTE;JEUNES POUSSES;SELEX;MDD (MARQUE DE DISTRIBUTEUR);0150                       N/A;SALADES;ROQUETTE;ARTICLES GP;PFC+ FRAIS;JEUNES POUSSES MONO;NO;MDD;6;('GLV001SLX080FS',)
309;GLI002SLX250FS;FRASLXLAITLI;FRASLXLAIT;FRASLX;FRA05;ICEBERG;LAITUE;SELEX;MDD (MARQUE DE DISTRIBUTEUR);0250                       N/A;SALADES;LAITUE ICEBERG;ARTICLES GP;PFC+ FRAIS;ADULTE MONO;NO;MDD;6;('GLV001SLX080FS',)
310;GLV001SLX080FS;FRASLXLAITLV;FRASLXLAIT;FRASLX;FRA05;BATAVIA V;LAITUE;SELEX;MDD (MARQUE DE DISTRIBUTEUR);0080                       N/A;SALADES;BATAVIA;ARTICLES GP;PFC+ FRAIS;JEUNES POUSSES MONO;NO;MDD;6;('GLV001SLX080FS',)
311;GWC012SLX200FS;FRASLXMESAWC;FRASLXMESA;FRASLX;FRA05;MEL SALADES CHICOREE ADULTES;MELANGES SALADES;SELEX;MDD (MARQUE DE DISTRIBUTEUR);0200                       N/A;SALADES;SALADE MIXTE;ARTICLES GP;PFC+ FRAIS;ADULTE MISTE;NO;MDD;6;('GLV001SLX080FS',)
312;GWC012SLX350FS;FRASLXMESAWC;FRASLXMESA;FRASLX;FRA05;MEL SALADES CHICOREE ADULTES;MELANGES SALADES;SELEX;MDD (MARQUE DE DISTRIBUTEUR);0350                       N/A;SALADES;SALADE MIXTE;ARTICLES GP;PFC+ FRAIS;ADULTE MISTE;NO;MDD;6;('GLV001SLX080FS',)
313;GWF001SLX200FP;FRASLXMESAWF;FRASLXMESA;FRASLX;FRA05;MEL SALADES TP+AD+CRUDITE;MELANGES SALADES;SELEX;MDD (MARQUE DE DISTRIBUTEUR);0200                       N/A;SALADES;POKER;ARTICLES GP;PFC+ FRAIS;INSALATE + CRUDITE;NO;MDD;6;('GLV001SLX080FS',)
314;GWJ012SLX080FS;FRASLXMESAWJ;FRASLXMESA;FRASLX;FRA05;MEL SALADES JP;MELANGES SALADES;SELEX;MDD (MARQUE DE DISTRIBUTEUR);0080                       N/A;SALADES;MYSTIQUE;ARTICLES GP;PFC+ FRAIS;JEUNES POUSSES MISTE;NO;MDD;6;('GLV001SLX080FS',)
315;GWJ012SLX125FS;FRASLXMESAWJ;FRASLXMESA;FRASLX;FRA05;MEL SALADES JP;MELANGES SALADES;SELEX;MDD (MARQUE DE DISTRIBUTEUR);0125                       N/A;SALADES;MYSTIQUE;ARTICLES GP;PFC+ FRAIS;JEUNES POUSSES MISTE;NO;MDD;6;('GLV001SLX080FS',)
316;GBA001SPV090FP;FRASPVBOUQBA;FRASPVBOUQ;FRASPV;FRA05;MACHE 4G;BOUQUETS;SCELTO PER VOI;MDD (MARQUE DE DISTRIBUTEUR);0090                       N/A;SALADES;MACHE;ARTICLES GP;PFC+ FRAIS;JEUNES POUSSES MONO;NO;MDD;9;('GWM007NTA150FS',)
317;GBA001SPV200FS;FRASPVBOUQBA;FRASPVBOUQ;FRASPV;FRA05;MACHE 4G;BOUQUETS;SCELTO PER VOI;MDD (MARQUE DE DISTRIBUTEUR);0200                       N/A;SALADES;MACHE;ARTICLES GP;PFC+ FRAIS;JEUNES POUSSES MONO;NO;MDD;10;('GBA005BND080FS',)
318;GCO002SPV100FP;FRASPVJPOUCO;FRASPVJPOU;FRASPV;FRA05;ROQUETTE;JEUNES POUSSES;SCELTO PER VOI;MDD (MARQUE DE DISTRIBUTEUR);0100                       N/A;SALADES;ROQUETTE;ARTICLES GP;PFC+ FRAIS;JEUNES POUSSES MONO;NO;MDD;9;('GWM007NTA150FS',)
319;GKC002SPV140FP;FRASPVKCHIKC;FRASPVKCHI;FRASPV;FRA05;CHICOREE;CHICOREE;SCELTO PER VOI;MDD (MARQUE DE DISTRIBUTEUR);0140                       N/A;SALADES;CHICOREE LANIERE;ARTICLES GP;PFC+ FRAIS;JEUNES POUSSES MONO;NO;MDD;4;('GKC002SPV140FP',)
320;GKP001SPV200FS;FRASPVKCHIKP;FRASPVKCHI;FRASPV;FRA05;PAIN DE SUCRE;CHICOREE;SCELTO PER VOI;MDD (MARQUE DE DISTRIBUTEUR);0200                       N/A;SALADES;PAIN DE SUCRE;ARTICLES GP;PFC+ FRAIS;ADULTE MONO;NO;MDD;5;('GKC005ESB100FS',)
321;GLA001SPV150FS;FRASPVLAITLA;FRASPVLAIT;FRASPV;FRA05;LAITUE;LAITUE;SCELTO PER VOI;MDD (MARQUE DE DISTRIBUTEUR);0150                       N/A;SALADES;COEUR DE LAITUE;ARTICLES GP;PFC+ FRAIS;ADULTE MONO;NO;MDD;5;('GKC005ESB100FS',)
322;GLV001SPV100FP;FRASPVLAITLV;FRASPVLAIT;FRASPV;FRA05;BATAVIA V;LAITUE;SCELTO PER VOI;MDD (MARQUE DE DISTRIBUTEUR);0100                       N/A;SALADES;BATAVIA;ARTICLES GP;PFC+ FRAIS;JEUNES POUSSES MONO;NO;MDD;9;('GWM007NTA150FS',)
323;GLV001SPV200FS;FRASPVLAITLV;FRASPVLAIT;FRASPV;FRA05;BATAVIA V;LAITUE;SCELTO PER VOI;MDD (MARQUE DE DISTRIBUTEUR);0200                       N/A;SALADES;BATAVIA;ARTICLES GP;PFC+ FRAIS;JEUNES POUSSES MONO;NO;MDD;5;('GKC005ESB100FS',)
324;GWC018SPV350FS;FRASPVMESAWC;FRASPVMESA;FRASPV;FRA05;MEL SALADES CHICOREE ADULTES;MELANGES SALADES;SCELTO PER VOI;MDD (MARQUE DE DISTRIBUTEUR);0350                       N/A;SALADES;MELANGE FINE;ARTICLES GP;PFC+ FRAIS;ADULTE MISTE;NO;MDD;3;('TBG001BND180BV',)
325;GWC019SPV500FS;FRASPVMESAWC;FRASPVMESA;FRASPV;FRA05;MEL SALADES CHICOREE ADULTES;MELANGES SALADES;SCELTO PER VOI;MDD (MARQUE DE DISTRIBUTEUR);0500                       N/A;SALADES;INSALATONA;ARTICLES GP;PFC+ FRAIS;ADULTE MISTE;NO;MDD;5;('GKC005ESB100FS',)
326;GWC020SPV165FP;FRASPVMESAWC;FRASPVMESA;FRASPV;FRA05;MEL SALADES CHICOREE ADULTES;MELANGES SALADES;SCELTO PER VOI;MDD (MARQUE DE DISTRIBUTEUR);0165                       N/A;SALADES;MELANGE 4 SAVEURS;ARTICLES GP;PFC+ FRAIS;ADULTE MISTE;NO;MDD;9;('GWM007NTA150FS',)
327;GWF001SPV200FP;FRASPVMESAWF;FRASPVMESA;FRASPV;FRA05;MEL SALADES TP+AD+CRUDITE;MELANGES SALADES;SCELTO PER VOI;MDD (MARQUE DE DISTRIBUTEUR);0200                       N/A;SALADES;POKER;ARTICLES GP;PFC+ FRAIS;INSALATE + CRUDITE;NO;MDD;4;('GKC002SPV140FP',)
328;GWJ012SPV200FS;FRASPVMESAWJ;FRASPVMESA;FRASPV;FRA05;MEL SALADES JP;MELANGES SALADES;SCELTO PER VOI;MDD (MARQUE DE DISTRIBUTEUR);0200                       N/A;SALADES;MYSTIQUE;ARTICLES GP;PFC+ FRAIS;JEUNES POUSSES MISTE;NO;MDD;5;('GKC005ESB100FS',)
329;GWJ034SPV090FP;FRASPVMESAWJ;FRASPVMESA;FRASPV;FRA05;MEL SALADES JP;MELANGES SALADES;SCELTO PER VOI;MDD (MARQUE DE DISTRIBUTEUR);0090                       N/A;SALADES;TOUTES ENSEMBLE;ARTICLES GP;PFC+ FRAIS;JEUNES POUSSES MISTE;NO;MDD;9;('GWM007NTA150FS',)
330;GWT031SPV250BQ;FRASPVMESAWT;FRASPVMESA;FRASPV;FRA05;MEL SALADE + AUTRES COMPOSANTS;MELANGES SALADES;SCELTO PER VOI;MDD (MARQUE DE DISTRIBUTEUR);0250                       BRQ;SALADES;MEDITERRANEE;ARTICLES GP;PFC+ FRAIS;CIOTOLE;NO;MDD;7;('GWJ012BND080FS',)
331;GBA001VLR125FS;FRAVLRBOUQBA;FRAVLRBOUQ;FRAVLR;FRA06;MACHE 4G;BOUQUETS;VALLERICCA;MPP (MARQUE PREMIER PRIX);0125                       N/A;SALADES;MACHE;ARTICLES GP;PFC+ FRAIS;JEUNES POUSSES MONO;NO;MDD;8;('GWF021CAE180FS',)
332;GCH006VLR200FS;FRAVLRCAROCH;FRAVLRCARO;FRAVLR;FRA06;GROSSES CAROTTES;CAROTTES;VALLERICCA;MPP (MARQUE PREMIER PRIX);0200                       N/A;LEGUMES;CAROTTES JULIENNES;ARTICLES GP;PFC+ FRAIS;ARRICCHITORI;NO;MDD;2;('GLI002BND200FS',)
333;GQX131VLR165BQ;FRAVLRHETEQX;FRAVLRHETE;FRAVLR;FRA06;COLIS HETEROGENES (UC);HETEROGENES;VALLERICCA;MPP (MARQUE PREMIER PRIX);0165                       BRQ;SALADES;SALADE MIXTE;ARTICLES GP;PFC+ FRAIS;CIOTOLE;NO;MDD;8;('GWF021CAE180FS',)
334;GCO002VLR125FS;FRAVLRJPOUCO;FRAVLRJPOU;FRAVLR;FRA06;ROQUETTE;JEUNES POUSSES;VALLERICCA;MPP (MARQUE PREMIER PRIX);0125                       N/A;SALADES;ROQUETTE;ARTICLES GP;PFC+ FRAIS;JEUNES POUSSES MONO;NO;MDD;8;('GWF021CAE180FS',)
335;GLI002VLR200FS;FRAVLRLAITLI;FRAVLRLAIT;FRAVLR;FRA06;ICEBERG;LAITUE;VALLERICCA;MPP (MARQUE PREMIER PRIX);0200                       N/A;SALADES;LAITUE ICEBERG;ARTICLES GP;PFC+ FRAIS;ADULTE MONO;NO;MDD;3;('TBG001BND180BV',)
336;GLV001VLR125FS;FRAVLRLAITLV;FRAVLRLAIT;FRAVLR;FRA06;BATAVIA V;LAITUE;VALLERICCA;MPP (MARQUE PREMIER PRIX);0125                       N/A;SALADES;BATAVIA;ARTICLES GP;PFC+ FRAIS;JEUNES POUSSES MONO;NO;MDD;8;('GWF021CAE180FS',)
337;GWC012VLR200FS;FRAVLRMESAWC;FRAVLRMESA;FRAVLR;FRA06;MEL SALADES CHICOREE ADULTES;MELANGES SALADES;VALLERICCA;MPP (MARQUE PREMIER PRIX);0200                       N/A;SALADES;SALADE MIXTE;ARTICLES GP;PFC+ FRAIS;ADULTE MISTE;NO;MDD;8;('GWF021CAE180FS',)
338;GWF016VLR180FS;FRAVLRMESAWF;FRAVLRMESA;FRAVLR;FRA06;MEL SALADES TP+AD+CRUDITE;MELANGES SALADES;VALLERICCA;MPP (MARQUE PREMIER PRIX);0180                       N/A;SALADES;MELANGE RICHE;ARTICLES GP;PFC+ FRAIS;INSALATE + CRUDITE;NO;MDD;7;('GWJ012BND080FS',)
339;GWG005VLR180FS;FRAVLRMESAWG;FRAVLRMESA;FRAVLR;FRA06;MEL SALADES AD+CRUDITE;MELANGES SALADES;VALLERICCA;MPP (MARQUE PREMIER PRIX);0180                       N/A;SALADES;MELANGE FIN;ARTICLES GP;PFC+ FRAIS;INSALATE + CRUDITE;NO;MDD;5;('GKC005ESB100FS',)
340;GWJ010VLR100FS;FRAVLRMESAWJ;FRAVLRMESA;FRAVLR;FRA06;MEL SALADES JP;MELANGES SALADES;VALLERICCA;MPP (MARQUE PREMIER PRIX);0100                       N/A;SALADES;MELANGE ORIENTAL;ARTICLES GP;PFC+ FRAIS;JEUNES POUSSES MISTE;NO;MDD;5;('GKC005ESB100FS',)
341;GWJ012VLR100FS;FRAVLRMESAWJ;FRAVLRMESA;FRAVLR;FRA06;MEL SALADES JP;MELANGES SALADES;VALLERICCA;MPP (MARQUE PREMIER PRIX);0100                       N/A;SALADES;MYSTIQUE;ARTICLES GP;PFC+ FRAIS;JEUNES POUSSES MISTE;NO;MDD;2;('GLI002BND200FS',)
342;GBA001RTB150FP;FRARTBBOUQBA;FRARTBBOUQ;FRARTB;FRA07;MACHE 4G;BOUQUETS;ORTOBELL;AUTRES MARQUES;0150                       N/A;SALADES;MACHE;ARTICLES GP;PFC+ FRAIS;JEUNES POUSSES MONO;NO;MDD;10;('GBA005BND080FS',)
343;GCH006RTB200FP;FRARTBCAROCH;FRARTBCARO;FRARTB;FRA07;GROSSES CAROTTES;CAROTTES;ORTOBELL;AUTRES MARQUES;0200                       N/A;LEGUMES;CAROTTES JULIENNES;ARTICLES GP;PFC+ FRAIS;ARRICCHITORI;NO;MDD;8;('GWF021CAE180FS',)
344;GCO003RTB125FP;FRARTBJPOUCO;FRARTBJPOU;FRARTB;FRA07;ROQUETTE;JEUNES POUSSES;ORTOBELL;AUTRES MARQUES;0125                       N/A;SALADES;ROQUETTE BIO;ARTICLES GP;PFC+ FRAIS;JEUNES POUSSES MONO;YES;MDD;5;('GKC005ESB100FS',)
345;GEP004RTB150FP;FRARTBJPOUEP;FRARTBJPOU;FRARTB;FRA07;EPINARDS;JEUNES POUSSES;ORTOBELL;AUTRES MARQUES;0150                       N/A;SALADES;EPINARD NOUVEAU;ARTICLES GP;PFC+ FRAIS;JEUNES POUSSES MONO;NO;MDD;9;('GWM007NTA150FS',)
346;GWC015RTB200FP;FRARTBMESAWC;FRARTBMESA;FRARTB;FRA07;MEL SALADES CHICOREE ADULTES;MELANGES SALADES;ORTOBELL;AUTRES MARQUES;0200                       N/A;SALADES;SALADE MIXTE BIO;ARTICLES GP;PFC+ FRAIS;ADULTE MISTE;YES;MDD;1;('GCO002BNR300FS',)
347;GWP005RTB125FP;FRARTBMESAWP;FRARTBMESA;FRARTB;FRA07;MEL SALADES MACHE + JP;MELANGES SALADES;ORTOBELL;AUTRES MARQUES;0125                       N/A;SALADES;GRAN MIX BIO;ARTICLES GP;PFC+ FRAIS;JEUNES POUSSES MISTE;YES;MDD;5;('GKC005ESB100FS',)
348;GSJ001RTB150EX;FRARTBSOJASJ;FRARTBSOJA;FRARTB;FRA07;HARICOT MUNGO;HARICOTS MUNGO;ORTOBELL;AUTRES MARQUES;0150                       N/A;LEGUMES;POUSSES HAR MUNGO;ARTICLES GP;PFC+ FRAIS;PRESELEZIONATO;NO;MDD;9;('GWM007NTA150FS',)
349;GLO002MCD250FS;FRAMCDASTELO;FRAMCDASTE;FRAMCD;FRA09;LOLLO V;ASTERIX;MC DO;MDD (MARQUE DE DISTRIBUTEUR);0250                       N/A;SALADES;LOLLO VERTE;ARTICLES RHF;PFC+ FRAIS;ASTERIX;NO;MDD;8;('GWF021CAE180FS',)
350;GCO002MCD200FS;FRAMCDJPOUCO;FRAMCDJPOU;FRAMCD;FRA09;ROQUETTE;JEUNES POUSSES;MC DO;MDD (MARQUE DE DISTRIBUTEUR);0200                       N/A;SALADES;ROQUETTE;ARTICLES RHF;PFC+ FRAIS;JEUNES POUSSES MONO;NO;MDD;9;('GWM007NTA150FS',)
351;GLI004MCD1K0FS;FRAMCDLAITLI;FRAMCDLAIT;FRAMCD;FRA09;ICEBERG;LAITUE;MC DO;MDD (MARQUE DE DISTRIBUTEUR);1000                       N/A;SALADES;ICEBERG CPE 6MM;ARTICLES RHF;PFC+ FRAIS;ADULTE MONO;NO;MDD;8;('GWF021CAE180FS',)
352;GLV003MCD250FS;FRAMCDLAITLV;FRAMCDLAIT;FRAMCD;FRA09;BATAVIA V;LAITUE;MC DO;MDD (MARQUE DE DISTRIBUTEUR);0250                       N/A;SALADES;SALADE BATAVIA RONALD;ARTICLES RHF;PFC+ FRAIS;ADULTE MONO;NO;MDD;5;('GKC005ESB100FS',)
353;GWP002MCD300FS;FRAMCDMESAWP;FRAMCDMESA;FRAMCD;FRA09;MEL SALADES MACHE + JP;MELANGES SALADES;MC DO;MDD (MARQUE DE DISTRIBUTEUR);0300                       N/A;SALADES;JEUNES POUSSES;ARTICLES RHF;PFC+ FRAIS;JEUNES POUSSES MISTE;NO;MDD;8;('GWF021CAE180FS',)
354;GTC001MCD500BQ;FRAMCDTOMATC;FRAMCDTOMA;FRAMCD;FRA09;TOMATES CERISE;TOMATES;MC DO;MDD (MARQUE DE DISTRIBUTEUR);0500                       BRQ;LEGUMES;TOMATES CERISES;ARTICLES RHF;PFC+ FRAIS NÉGOCE;ALTRE VERDURE;NO;MDD;8;('GWF021CAE180FS',)
355;GLO002NEU250FS;FRANEUASTELO;FRANEUASTE;FRANEU;FRA09;LOLLO V;ASTERIX;NEUTRE;NEUTRE;0250                       N/A;SALADES;LOLLO VERTE;ARTICLES RHF;PFC+ FRAIS;ASTERIX;NO;FOOD;8;('GWF021CAE180FS',)
356;GYB005NEU080FM;FRANEUAUTCYB;FRANEUAUTC;FRANEU;FRA09;HERBES;AUTRES COMPOSANTS;NEUTRE;NEUTRE;0080                       BFM;LEGUMES;PERSIL HACHE;ARTICLES GP;PFC+ FRAIS;AROMI;NO;MDD;7;('GWJ012BND080FS',)
357;GYB011NEU080FM;FRANEUAUTCYB;FRANEUAUTC;FRANEU;FRA09;HERBES;AUTRES COMPOSANTS;NEUTRE;NEUTRE;0080                       BFM;LEGUMES;AIL ET PERSIL;ARTICLES GP;PFC+ FRAIS;AROMI;NO;MDD;7;('GWJ012BND080FS',)
358;GYD017NEU2K0FS;FRANEUAUTLYD;FRANEUAUTL;FRANEU;FRA09;AUTRES LEGUMES;AUTRES LEGUMES;NEUTRE;NEUTRE;2000                       N/A;LEGUMES;JULIENNE DE FENOUIL;ARTICLES RHF;PFC+ FRAIS;ALTRE VERDURE;NO;MDD;5;('GKC005ESB100FS',)
359;GYD018NEU2K0FS;FRANEUAUTLYD;FRANEUAUTL;FRANEU;FRA09;AUTRES LEGUMES;AUTRES LEGUMES;NEUTRE;NEUTRE;2000                       N/A;LEGUMES;FENOUIL EN TRANCHES;ARTICLES RHF;PFC+ FRAIS;ALTRE VERDURE;NO;MDD;5;('GKC005ESB100FS',)
360;GBA001NEU250FS;FRANEUBOUQBA;FRANEUBOUQ;FRANEU;FRA09;MACHE 4G;BOUQUETS;NEUTRE;NEUTRE;0250                       N/A;SALADES;MACHE;ARTICLES GP;PFC+ FRAIS;ADULTE MISTE;NO;MDD;8;('GWF021CAE180FS',)
361;GCH006NEU200FS;FRANEUCAROCH;FRANEUCARO;FRANEU;FRA09;GROSSES CAROTTES;CAROTTES;NEUTRE;NEUTRE;0200                       N/A;LEGUMES;CAROTTES JULIENNES;ARTICLES RHF;PFC+ FRAIS;ARRICCHITORI;NO;MDD;7;('GWJ012BND080FS',)
362;GCO002NEU080FS;FRANEUJPOUCO;FRANEUJPOU;FRANEU;FRA09;ROQUETTE;JEUNES POUSSES;NEUTRE;NEUTRE;0080                       N/A;SALADES;ROQUETTE;ARTICLES GP;PFC+ FRAIS;JEUNES POUSSES MONO;NO;MDD;9;('GWM007NTA150FS',)
363;GCO002NEU250FS;FRANEUJPOUCO;FRANEUJPOU;FRANEU;FRA09;ROQUETTE;JEUNES POUSSES;NEUTRE;NEUTRE;0250                       N/A;SALADES;ROQUETTE;ARTICLES RHF;PFC+ FRAIS;JEUNES POUSSES MONO;NO;FOOD;8;('GWF021CAE180FS',)
364;GCO002NEU300FS;FRANEUJPOUCO;FRANEUJPOU;FRANEU;FRA09;ROQUETTE;JEUNES POUSSES;NEUTRE;NEUTRE;0300                       N/A;SALADES;ROQUETTE;ARTICLES GP;PFC+ FRAIS;ADULTE MISTE;NO;MDD;8;('GWF021CAE180FS',)
365;GEP004NEU080FS;FRANEUJPOUEP;FRANEUJPOU;FRANEU;FRA09;EPINARDS;JEUNES POUSSES;NEUTRE;NEUTRE;0080                       N/A;SALADES;EPINARD NOUVEAU;ARTICLES GP;PFC+ FRAIS;JEUNES POUSSES MONO;NO;MDD;9;('GWM007NTA150FS',)
366;GEP004NEU125FP;FRANEUJPOUEP;FRANEUJPOU;FRANEU;FRA09;EPINARDS;JEUNES POUSSES;NEUTRE;NEUTRE;0125                       N/A;SALADES;EPINARD NOUVEAU;ARTICLES GP;PFC+ FRAIS;JEUNES POUSSES MONO;NO;MDD;6;('GLV001SLX080FS',)
367;GKC004NEU100FS;FRANEUKCHIKC;FRANEUKCHI;FRANEU;FRA09;CHICOREE;CHICOREE;NEUTRE;NEUTRE;0100                       N/A;SALADES;CHICOREE GRUMOLO VERTE ROUGE;ARTICLES GP;PFC+ FRAIS;ADULTE MISTE;NO;MDD;5;('GKC005ESB100FS',)
368;GLI002NEU150FS;FRANEULAITLI;FRANEULAIT;FRANEU;FRA09;ICEBERG;LAITUE;NEUTRE;NEUTRE;0150                       N/A;SALADES;LAITUE ICEBERG;ARTICLES GP;PFC+ FRAIS;ADULTE MONO;NO;MDD;9;('GWM007NTA150FS',)
369;GLI004NEU1K0FS;FRANEULAITLI;FRANEULAIT;FRANEU;FRA09;ICEBERG;LAITUE;NEUTRE;NEUTRE;1000                       N/A;SALADES;ICEBERG CPE 6MM;ARTICLES RHF;PFC+ FRAIS;ADULTE MONO;NO;MDD;8;('GWF021CAE180FS',)
370;GLV001NEU080FS;FRANEULAITLV;FRANEULAIT;FRANEU;FRA09;BATAVIA V;LAITUE;NEUTRE;NEUTRE;0080                       N/A;SALADES;BATAVIA;ARTICLES GP;PFC+ FRAIS;JEUNES POUSSES MONO;NO;MDD;9;('GWM007NTA150FS',)
371;GLV001NEU100FS;FRANEULAITLV;FRANEULAIT;FRANEU;FRA09;BATAVIA V;LAITUE;NEUTRE;NEUTRE;0100                       N/A;SALADES;BATAVIA;ARTICLES GP;PFC+ FRAIS;JEUNES POUSSES MONO;NO;MDD;5;('GKC005ESB100FS',)
372;GLV001NEU300FS;FRANEULAITLV;FRANEULAIT;FRANEU;FRA09;BATAVIA V;LAITUE;NEUTRE;NEUTRE;0300                       N/A;SALADES;BATAVIA;ARTICLES GP;PFC+ FRAIS;JEUNES POUSSES MONO;NO;MDD;8;('GWF021CAE180FS',)
373;GWC012NEU180FS;FRANEUMESAWC;FRANEUMESA;FRANEU;FRA09;MEL SALADES CHICOREE ADULTES;MELANGES SALADES;NEUTRE;NEUTRE;0180                       N/A;SALADES;SALADE MIXTE;ARTICLES GP;PFC+ FRAIS;ADULTE MISTE;NO;MDD;9;('GWM007NTA150FS',)
374;GWC012NEU500FS;FRANEUMESAWC;FRANEUMESA;FRANEU;FRA09;MEL SALADES CHICOREE ADULTES;MELANGES SALADES;NEUTRE;NEUTRE;0500                       N/A;SALADES;SALADE MIXTE;ARTICLES GP;PFC+ FRAIS;ASTERIX;NO;MDD;8;('GWF021CAE180FS',)
375;GWC016NEU350FS;FRANEUMESAWC;FRANEUMESA;FRANEU;FRA09;MEL SALADES CHICOREE ADULTES;MELANGES SALADES;NEUTRE;NEUTRE;0350                       N/A;SALADES;MELANGE CONVENABLE;ARTICLES GP;PFC+ FRAIS;ADULTE MISTE;NO;MDD;9;('GWM007NTA150FS',)
376;GWG022NEU250FS;FRANEUMESAWG;FRANEUMESA;FRANEU;FRA09;MEL SALADES AD+CRUDITE;MELANGES SALADES;NEUTRE;NEUTRE;0250                       N/A;SALADES;ICEBERG CAROTTES;ARTICLES GP;PFC+ FRAIS;INSALATE + CRUDITE;NO;MDD;5;('GKC005ESB100FS',)
377;GWJ012NEU080FS;FRANEUMESAWJ;FRANEUMESA;FRANEU;FRA09;MEL SALADES JP;MELANGES SALADES;NEUTRE;NEUTRE;0080                       N/A;SALADES;MYSTIQUE;ARTICLES GP;PFC+ FRAIS;JEUNES POUSSES MISTE;NO;MDD;9;('GWM007NTA150FS',)
378;GWJ012NEU300FS;FRANEUMESAWJ;FRANEUMESA;FRANEU;FRA09;MEL SALADES JP;MELANGES SALADES;NEUTRE;NEUTRE;0300                       N/A;SALADES;MYSTIQUE;ARTICLES GP;PFC+ FRAIS;JEUNES POUSSES MISTE;NO;MDD;8;('GWF021CAE180FS',)
379;GWJ019NEU080FS;FRANEUMESAWJ;FRANEUMESA;FRANEU;FRA09;MEL SALADES JP;MELANGES SALADES;NEUTRE;NEUTRE;0080                       N/A;SALADES;MEL JP LAITUES;ARTICLES GP;PFC+ FRAIS;JEUNES POUSSES MISTE;NO;MDD;7;('GWJ012BND080FS',)
380;GWP002NEU300FS;FRANEUMESAWP;FRANEUMESA;FRANEU;FRA09;MEL SALADES MACHE + JP;MELANGES SALADES;NEUTRE;NEUTRE;0300                       N/A;SALADES;JEUNES POUSSES;ARTICLES GP;PFC+ FRAIS;JEUNES POUSSES MISTE;NO;MDD;5;('GKC005ESB100FS',)
381;GTR001NEU2K0BC;FRANEUTOMATR;FRANEUTOMA;FRANEU;FRA09;TOMATES RONDES;TOMATES;NEUTRE;NEUTRE;2000                       CTN;LEGUMES;TOMATES;ARTICLES RHF;PFC+ FRAIS NÉGOCE;ALTRE VERDURE;NO;MDD;5;('GKC005ESB100FS',)
