Product;Color;Size;Launch Date;Age Group;Person;Pname;Ptype;Price;Cluster
31C000963_2;Black;Sheer;40;29-38;Female;One-Piece Pants Inside;Thin;$29;8
31C002201_2;Gray;No Size;36;18-28;Female;One-Piece Pants Inside;Thin;$29;4
31C002300_2;Black;Sheer;43;29-38;Female;One-Piece Pants Inside;Thin;$29;8
31C002400_2;Black;Sheer;37;29-38;Female;One-Piece Pants Inside;Thin;$39;2
31C002500_2;Black;Sheer;37;18-28;Female;One-Piece Pants Inside;Thin;$29;6
31C003002_2;Sheer Beige;No Size;36;18-28;Female;One-Piece Pants Inside;Thin;$39;4
31C180100_2;Black;No Size;39;18-28;Female;One-Piece Pants Inside;Thin;$39;7
31C180301_2;Black;No Size;44;18-28;Female;One-Piece Pants Inside;Thin;$39;8
31C620400_2;Black;Sheer;41;18-28;Female;One-Piece Pants Inside;Thin;$29;8
31C999901_2;Black;Sheer;42;18-28;Female;One-Piece Pants Inside;Thin;9Yuan;8
31C999902_2;Black;Sheer;42;18-28;Female;One-Piece Pants Inside;Thin;9Yuan;8
31C999903_2;Black;Sheer;42;18-28;Female;One-Piece Pants Inside;Thin;9Yuan;8
31C999904_2;Black;Sheer;37;29-38;Female;One-Piece Pants Inside;Thin;49Yuan;1
31C999905_2;Black;Sheer;37;29-38;Female;One-Piece Pants Inside;Thin;49Yuan;1
31C999906_2;Black;Sheer;33;18-28;Female;One-Piece Pants Inside;Thin;$39;1
31C999907_2;Black;Sheer;33;18-28;Female;One-Piece Pants Inside;Thin;$39;1
31C999909_2;Black;Sheer;33;29-38;Female;One-Piece Pants Inside;Thin;$39;3
31C999910_2;Natural;Sheer;38;29-38;Female;One-Piece Pants Inside;Thin;$39;8
31C999911_2;Black;Sheer;33;29-38;Female;One Internal Pants;Thin;$59;1
31C999912_2;Black;Sheer;33;29-38;Female;One Internal Pants;Thin;$59;3
31C999913_2;Black;Sheer;38;29-38;Female;One-Piece Pants Inside;Thin;$39;2
31C999914_2;Black;Sheer;37;29-38;Female;One Internal Pants;Thin;$59;3
325001400_2;No Color;No Size;1;29-38;Men;Socks;Stockings;9Yuan;8
325002600_2;No Color;No Size;1;29-38;Men;Socks;Tube Socks;10Yuan;8
325026100_2;No Color;No Size;1;29-38;Female;Socks;Invisible Socks;3.5Yuan;8
325026900_2;No Color;No Size;1;29-38;Female;Socks;Invisible Socks;3.5Yuan;5
325027000_2;No Color;No Size;1;29-38;Female;Socks;Invisible Socks;3.5Yuan;2
325028700_2;No Color;No Size;1;29-38;Female;Socks;Invisible Socks;12Yuan;4
325028800_2;No Color;No Size;1;29-38;Men;Socks;Tube Socks;$15;3
325029100_2;No Color;No Size;1;29-38;Men;Socks;Stockings;$10;3
325029700_2;No Color;No Size;1;29-38;Men;Socks;Stockings;$15;1
325029800_2;No Color;No Size;1;29-38;Men;Socks;Stockings;$15;1
325030800_2;No Color;No Size;1;29-38;Female;Socks;Stockings;8Yuan;8
325032700_2;No Color;No Size;1;29-38;Men;Socks;Tube Socks;10Yuan;4
325033000_2;No Color;No Size;1;29-38;Men;Socks;Tube Socks;10Yuan;3
325034600_2;No Color;No Size;1;29-38;Female;Socks;Stockings;8Yuan;8
325036900_2;No Color;No Size;1;29-38;Female;Socks;Stockings;$3.5;8
325037100_2;No Color;No Size;1;29-38;Female;Socks;Stockings;$3.5;4
325037200_2;No Color;No Size;1;29-38;Female;Socks;Stockings;$3.5;2
325039201_2;No Color;No Size;1;29-38;Men;Socks;Stockings;$15;8
325048006_2;No Color;No Size;36;29-38;Men;Socks;Stockings;4.8Yuan;3
325049800_2;No Color;No Size;39;29-38;Female;Socks;Stockings;$5;8
325049900_2;No Color;No Size;39;29-38;Female;Socks;Stockings;$5;8
325050200_2;No Color;No Size;36;29-38;Female;Socks;Stockings;$3.5;2
325050400_2;No Color;No Size;39;29-38;Female;Socks;Stockings;$5;2
325061603_2;No Color;No Size;33;29-38;Female;Socks;Tube Socks;19Yuan;8
325090016_2;No Color;No Size;39;7-9;Boys;Socks;Stockings;$10;7
327015900_2;Purplish Red;Sheer;32;29-38;Female;One-Piece Pants Inside;Thin;12Yuan;6
325118403_2;No Color;No Size;37;29-38;Female;Socks;Stockings;$15;2
327018900_2;Purplish Red;Sheer;37;29-38;Female;One-Piece Pants Inside;Thin;$39;8
327025200_2;Purplish Red;Sheer;32;29-38;Female;One-Piece Pants Inside;Thin;$29;2
327025300_2;Cyan;Sheer;31;29-38;Female;One-Piece Pants Inside;Thin;$29;2
327025500_2;Purplish Red;Sheer;31;29-38;Female;One-Piece Pants Inside;Thin;$29;4
327025800_2;Green;Sheer;37;29-38;Female;One-Piece Pants Inside;Thin;$29;2
327026100_2;Purplish Red;Sheer;31;29-38;Female;One-Piece Pants Inside;Thin;$29;4
327027400_2;Purplish Red;Sheer;38;29-38;Female;One-Piece Pants Inside;Thin;$29;7
327028400_2;Black;Sheer;34;29-38;Female;One-Piece Pants Inside;Thin;19Yuan;2
327028600_2;Green;Sheer;34;29-38;Female;One-Piece Pants Inside;Thin;$39;7
327030600_2;Purplish Red;Sheer;31;29-38;Female;One-Piece Pants Inside;Thin;$39;8
326000700_2;Black;Ultra Sheer;31;18-28;Female;Pantyhose;Core Wrap;10Yuan;3
326000800_2;Black;Ultra Sheer;31;18-28;Female;Pantyhose;Core Material;19Yuan;3
326001100_2;Black;Ultra Sheer;31;18-28;Female;Pantyhose;Core Material;19Yuan;3
326001200_2;Black;Ultra Sheer;1;29-38;Female;Pantyhose;Core Wrap;10Yuan;3
326001800_2;Black;Ultra Sheer;1;29-38;Female;Pantyhose;Velvet;19Yuan;3
326002200_2;Black;Ultra Sheer;31;18-28;Female;Pantyhose;Core Material;19Yuan;3
326002700_2;Black;Ultra Sheer;1;29-38;Female;Pantyhose;Velvet;15Yuan;8
326002800_2;Black;Ultra Sheer;1;29-38;Female;Pantyhose;Core Wrap;15Yuan;8
326003301_2;Other;No Size;35;18-28;Female;Pantyhose;Velvet;19Yuan;3
327031700_2;Purplish Red;Sheer;32;29-38;Female;One-Piece Pants Inside;Thin;$29;2
327031800_2;Purplish Red;Sheer;32;18-28;Female;One-Piece Pants Inside;Thin;$29;4
327032600_2;Purplish Red;Sheer;32;29-38;Female;One-Piece Pants Inside;Thin;$29;5
327032700_2;Purplish Red;Sheer;32;29-38;Female;One-Piece Pants Inside;Thin;$29;4
327033200_2;Purplish Red;Sheer;36;29-38;Female;One-Piece Pants Inside;Thin;$29;2
327033900_2;Blue;Sheer;39;29-38;Female;One-Piece Pants Inside;Thin;19Yuan;4
327034400_2;Other;Sheer;30;29-38;Female;One-Piece Pants Inside;Thin;9.9Yuan;7
327034500_2;Purplish Red;Sheer;36;29-38;Female;One-Piece Pants Inside;Thin;$29;1
327034600_2;Black;Sheer;36;29-38;Female;One-Piece Pants Inside;Thin;49Yuan;7
327038300_2;Other;No Size;35;29-38;Female;One-Piece Pants Inside;Thin;10Yuan;5
327041700_2;Other;Sheer;39;29-38;Female;One-Piece Pants Inside;Thin;7.9Yuan;3
325135600_2;No Color;No Size;34;29-38;Men;Socks;Stockings;12Yuan;1
325135700_2;No Color;No Size;34;29-38;Men;Socks;Tube Socks;$15;4
325135800_2;No Color;No Size;34;29-38;Men;Socks;Tube Socks;$15;4
325136100_2;No Color;No Size;34;29-38;Men;Socks;Tube Socks;$15;1
325137600_2;No Color;No Size;34;29-38;Men;Socks;Stockings;12Yuan;3
325137800_2;No Color;No Size;34;29-38;Men;Socks;Stockings;12Yuan;3
325137900_2;No Color;No Size;34;29-38;Men;Socks;Stockings;12Yuan;1
325138100_2;No Color;No Size;34;29-38;Men;Socks;Stockings;12Yuan;3
325138200_2;No Color;No Size;34;29-38;Men;Socks;Tube Socks;$15;3
325138700_2;No Color;No Size;36;29-38;Men;Socks;Tube Socks;$15;3
325138800_2;No Color;No Size;36;29-38;Men;Socks;Tube Socks;$15;3
325139700_2;No Color;No Size;35;29-38;Female;Socks;Stockings;$5;4
325140500_2;No Color;No Size;35;29-38;Men;Socks;Tube Socks;5Yuan;3
325141400_2;No Color;No Size;35;29-38;Female;Socks;Stockings;$5;2
326003900_2;Black;Ultra Sheer;1;29-38;Female;Pantyhose;Core Wrap;15Yuan;3
326004000_2;Black;Ultra Sheer;31;18-28;Female;Pantyhose;Core Material;19Yuan;3
326004700_2;Other;Sheer;29;29-38;Female;Pantyhose;Velvet;19Yuan;6
326004800_2;Other;Sheer;29;29-38;Female;Pantyhose;Velvet;19Yuan;4
326004900_2;Other;Sheer;29;29-38;Female;Pantyhose;Velvet;19Yuan;4
326005100_2;Other;Sheer;29;29-38;Female;Pantyhose;Velvet;19Yuan;1
326005600_2;Other;Sheer;29;29-38;Female;Pantyhose;Velvet;19Yuan;6
326005602_2;Other;No Size;35;29-38;Female;Pantyhose;Velvet;$35;5
326005700_2;Other;Sheer;29;29-38;Female;Pantyhose;Velvet;19Yuan;6
326005800_2;Other;Sheer;29;29-38;Female;Pantyhose;Velvet;19Yuan;1
326006900_2;Other;Sheer;29;29-38;Female;Pantyhose;Velvet;19Yuan;6
326007800_2;Purplish Red;Thick;39;29-38;Female;Pantyhose;Velvet;29Yuan;1
326007900_2;Black;Thick;36;29-38;Female;Pantyhose;Velvet;29Yuan;1
326008300_2;Black;Thick;36;29-38;Female;Pantyhose;Velvet;29Yuan;5
326008400_2;Black;Sheer;29;29-38;Female;Pantyhose;Core Wrap;9Yuan;4
326008800_2;Black;Sheer;36;29-38;Female;Pantyhose;Core Wrap;9Yuan;3
326010100_2;Other;Sheer;35;29-38;Female;Pantyhose;Core Wrap;29Yuan;3
326010200_2;Other;Sheer;39;29-38;Female;Pantyhose;Velvet;9Yuan;2
325144700_2;No Color;No Size;35;29-38;Female;Socks;Tube Socks;5Yuan;4
325144900_2;No Color;No Size;35;29-38;Female;Socks;Tube Socks;5Yuan;2
325146600_2;No Color;No Size;1;29-38;Female;Socks;Tube Socks;5Yuan;4
325146700_2;No Color;No Size;1;29-38;Female;Socks;Tube Socks;5Yuan;2
325146900_2;No Color;No Size;35;29-38;Female;Socks;Tube Socks;5Yuan;4
325147200_2;No Color;No Size;33;29-38;Female;Socks;Stockings;$5;4
325147300_2;No Color;No Size;33;29-38;Female;Socks;Stockings;$5;5
325147600_2;No Color;No Size;33;29-38;Female;Socks;Stockings;$5;4
325147700_2;No Color;No Size;33;29-38;Men;Socks;Tube Socks;5Yuan;7
325147800_2;No Color;No Size;33;29-38;Men;Socks;Tube Socks;5Yuan;5
325147900_2;No Color;No Size;33;29-38;Men;Socks;Tube Socks;5Yuan;4
325151601_2;No Color;No Size;33;29-38;Men;Socks;Tube Socks;16Yuan;6
325486500_2;Other;No Size;35;29-38;Men;Socks;Tube Socks;$15;7
325501403_2;Other;No Size;36;29-38;Men;Socks;Stockings;12Yuan;8
325502301_2;Other;No Size;36;29-38;Men;Socks;Stockings;$15;8
326090500_2;Other;No Size;40;29-38;Female;Pantyhose;Velvet;19Yuan;3
325161803_2;No Color;No Size;33;29-38;Men;Socks;Stockings;19Yuan;7
325162000_2;No Color;No Size;32;29-38;Men;Socks;Tube Socks;5Yuan;1
325163300_2;No Color;No Size;32;29-38;Men;Socks;Tube Socks;5Yuan;6
325163600_2;No Color;No Size;32;29-38;Female;Socks;Tube Socks;5Yuan;6
325167100_2;No Color;No Size;32;29-38;Men;Socks;Tube Socks;5Yuan;3
325167200_2;No Color;No Size;32;29-38;Men;Socks;Stockings;$5;4
325170900_2;No Color;No Size;32;29-38;Men;Socks;Stockings;$5;1
325171804_2;No Color;No Size;1;29-38;Men;Socks;Stockings;$15;8
325176600_2;No Color;No Size;32;29-38;Men;Socks;Tube Socks;5Yuan;8
325176800_2;No Color;No Size;32;29-38;Men;Socks;Stockings;$5;3
325176900_2;No Color;No Size;32;29-38;Men;Socks;Stockings;$5;6
325177100_2;No Color;No Size;41;29-38;Men;Socks;Stockings;$5;5
325177500_2;No Color;No Size;41;29-38;Female;Socks;Stockings;$5;2
325177600_2;No Color;No Size;41;29-38;Female;Socks;Stockings;$5;2
325177800_2;No Color;No Size;41;29-38;Female;Socks;Stockings;$5;2
325195700_2;No Color;No Size;35;29-38;Female;Socks;Stockings;$7;2
325195900_2;No Color;No Size;35;29-38;Female;Socks;Stockings;$7;1
325196100_2;No Color;No Size;35;29-38;Female;Socks;Stockings;$7;3
325561200_2;No Color;No Size;32;29-38;Men;Socks;Stockings;19Yuan;3
326149603_2;Black;Ultra Sheer;41;29-38;Female;Pantyhose;Core Wrap;$39;6
326157203_2;Coffee;Ultra Sheer;41;29-38;Female;Pantyhose;Velvet;29Yuan;3
327500000_2;Other;Ultra Sheer;1;29-38;Female;One-Piece Pants Inside;Thin;$79;2
325205800_2;No Color;No Size;32;29-38;Female;Socks;Stockings;8Yuan;6
325206400_2;No Color;No Size;34;29-38;Female;Socks;Stockings;8Yuan;6
325206500_2;No Color;No Size;34;29-38;Female;Socks;Stockings;8Yuan;1
325207700_2;No Color;No Size;34;29-38;Female;Socks;Stockings;8Yuan;1
325208100_2;No Color;No Size;34;29-38;Men;Socks;Stockings;8Yuan;1
325208200_2;No Color;No Size;34;29-38;Men;Socks;Stockings;8Yuan;2
325208600_2;No Color;No Size;34;29-38;Men;Socks;Stockings;$10;2
326240007_2;Other;200D;34;29-38;Female;Pantyhose;Velvet;30Yuan;1
326240010_2;Other;Thick;39;29-38;Female;Pantyhose;Velvet;29Yuan;3
326260000_2;Other;No Size;1;29-38;Female;Pantyhose;Core Wrap;29Yuan;2
326340004_2;Other;280D;34;29-38;Female;Pantyhose;Velvet;36Yuan;4
327600001_2;Red;Sheer;1;29-38;Female;One-Piece Pants Inside;Thin;$99;3
325219400_2;No Color;No Size;35;29-38;Men;Socks;Tube Socks;5Yuan;6
325219500_2;No Color;No Size;35;29-38;Men;Socks;Tube Socks;5Yuan;8
325219600_2;No Color;No Size;35;29-38;Men;Socks;Tube Socks;5Yuan;2
325221000_2;No Color;No Size;34;29-38;Female;Socks;Tube Socks;5Yuan;2
325221800_2;No Color;No Size;34;29-38;Female;Socks;Tube Socks;5Yuan;8
325222000_2;No Color;No Size;34;29-38;Female;Socks;Tube Socks;5Yuan;8
326360004_2;Other;Sheer;34;29-38;Female;Pantyhose;Velvet;36Yuan;4
326400003_2;Other;Sheer;34;29-38;Female;Pantyhose;Velvet;40Yuan;2
326603100_2;Other;No Size;35;29-38;Female;Pantyhose;Velvet;29Yuan;2
326608300_2;Black;Sheer;1;29-38;Female;Pantyhose;Velvet;25Yuan;1
326616801_2;Other;Sheer;33;29-38;Female;Pantyhose;Velvet;19Yuan;3
327830200_2;Other;Sheer;33;29-38;Female;One Internal Pants;Thin;$22;2
325700902_2;Other;No Size;40;29-38;Men;Socks;Stockings;8Yuan;7
325711700_2;No Color;No Size;37;29-38;Men;Socks;Stockings;$15;6
325716200_2;Other;No Size;36;29-38;Men;Socks;Stockings;12Yuan;6
325716401_2;Other;No Size;36;29-38;Men;Socks;Stockings;$15;8
326677000_2;Other;Sheer;33;29-38;Female;One-Piece Pants Inside;Thin;26Yuan;7
325253500_2;No Color;No Size;39;29-38;Female;Socks;Stockings;8Yuan;1
325255300_2;No Color;No Size;39;29-38;Men;Socks;Stockings;$10;2
325255700_2;No Color;No Size;39;29-38;Men;Socks;Stockings;8Yuan;3
325257703_2;No Color;No Size;39;29-38;Men;Socks;Stockings;12Yuan;7
325257802_2;No Color;No Size;39;29-38;Men;Socks;Stockings;12Yuan;8
325258002_2;No Color;No Size;39;29-38;Men;Socks;Stockings;12Yuan;8
326800900_2;Black;210D;1;29-38;Female;Pantyhose;Velvet;$49;1
326801201_2;Other;No Size;35;29-38;Female;Pantyhose;Core Wrap;12Yuan;3
326801500_2;Black;80D;1;29-38;Female;Pantyhose;Velvet;29Yuan;1
326810000_2;Black;Sheer;32;29-38;Female;Pantyhose;Core Wrap;29Yuan;2
326810100_2;Black;Ultra Sheer;1;18-28;Female;Pantyhose;Core Wrap;29Yuan;3
326810107_2;Black;12D;37;29-38;Female;Pantyhose;Core Wrap;29Yuan;1
327950203_2;Other;Sheer;33;29-38;Female;One-Piece Pants Inside;Thin;42Yuan;7
325263603_2;No Color;No Size;37;29-38;Men;Socks;Stockings;$15;2
325263701_2;No Color;No Size;37;29-38;Men;Socks;Stockings;$15;2
325264800_2;Other;No Size;42;29-38;Female;Socks;Stockings;3.5Yuan;8
325268700_2;Other;No Size;42;29-38;Female;Socks;Stockings;3.5Yuan;4
326810500_2;Black;12D;1;29-38;Female;Pantyhose;Core Wrap;29Yuan;2
326820000_2;Natural;No Size;32;29-38;Female;Pantyhose;Velvet;19Yuan;2
325274601_2;No Color;No Size;39;29-38;Female;Socks;Stockings;19Yuan;7
325275600_2;Other;No Size;41;29-38;Female;Socks;Stockings;$10;8
325278700_2;No Color;No Size;42;29-38;Men;Socks;Stockings;3.5Yuan;8
325278900_2;No Color;No Size;42;29-38;Female;Socks;Stockings;$3.5;1
325279000_2;No Color;No Size;42;29-38;Female;Socks;Stockings;$3.5;4
325279100_2;No Color;No Size;42;29-38;Female;Socks;Stockings;$3.5;1
325284700_2;No Color;No Size;39;7-9;Boys;Socks;Stockings;$5;4
325292700_2;No Color;No Size;1;29-38;Female;Socks;Stockings;$3.5;7
325292800_2;No Color;No Size;1;29-38;Female;Socks;Stockings;$3.5;6
326828000_2;Other;No Size;34;29-38;Female;Pantyhose;Velvet;$39;5
326830101_2;Other;No Size;38;29-38;Female;Pantyhose;Velvet;$39;1
326841600_2;Black;50D;1;29-38;Female;Pantyhose;Velvet;29Yuan;5
326850105_2;Blue;Sheer;35;18-28;Female;Pantyhose;Velvet;29Yuan;3
326850801_2;Black;Sheer;1;29-38;Female;Pantyhose;Velvet;29Yuan;5
326851500_2;Black;Sheer;1;29-38;Female;Pantyhose;Velvet;12Yuan;8
326853501_2;Black;Sheer;1;29-38;Female;Pantyhose;Velvet;25Yuan;1
328028100_2;No Color;24cm-26cm;35;29-38;Men;Socks;Boat Socks;10Yuan;8
328030900_2;Red;26cm-28cm;28;29-38;Men;Socks;Boat Socks;10Yuan;5
328031000_2;Blue;26cm-28cm;28;29-38;Men;Socks;Boat Socks;10Yuan;5
328031100_2;Red;26cm-28cm;28;29-38;Men;Socks;Boat Socks;10Yuan;4
328032700_2;No Color;26cm-28cm;44;29-38;Men;Socks;Boat Socks;10Yuan;6
328032800_2;No Color;26cm-28cm;44;29-38;Men;Socks;Boat Socks;10Yuan;6
328032900_2;No Color;26cm-28cm;44;29-38;Men;Socks;Boat Socks;10Yuan;3
325298200_2;No Color;No Size;1;18-28;Men;Socks;Stockings;19Yuan;3
326867500_2;Black;80D;34;29-38;Female;Pantyhose;Velvet;19Yuan;2
326867900_2;Black;120D;34;29-38;Female;Pantyhose;Velvet;19Yuan;1
326885200_2;Other;Sheer;37;29-38;Female;Pantyhose;Velvet;$89;4
325320500_2;No Color;No Size;44;29-38;Men;Socks;Stockings;19Yuan;8
325321800_2;No Color;No Size;44;7-9;Boys;Socks;Stockings;9Yuan;2
326901800_2;Other;No Size;39;18-28;Female;Pantyhose;Velvet;12Yuan;1
326901900_2;Other;No Size;38;18-28;Female;One-Piece Pants Inside;Thin;19Yuan;2
326905500_2;Black;50D;1;29-38;Female;Pantyhose;Velvet;29Yuan;1
326911100_2;Black;Sheer;1;29-38;Female;Pantyhose;Velvet;$39;8
326940200_2;Black;12D;34;29-38;Female;Pantyhose;Velvet;25Yuan;2
326942000_2;Black;120D;34;29-38;Female;Pantyhose;Velvet;25Yuan;3
326942100_2;Cyan;50D;34;29-38;Female;Pantyhose;Velvet;19Yuan;8
326942200_2;Hot Pink;50D;34;29-38;Female;Pantyhose;Velvet;25Yuan;8
325110000_2;No Color;No Size;1;29-38;Female;Socks;Stockings;$15;7
325110018_2;Other;No Size;36;7-9;Boys;Socks;Stockings;12Yuan;4
326992300_2;Other;No Size;36;29-38;Female;Pantyhose;Velvet;$39;1
326992400_2;Other;No Size;36;29-38;Female;Pantyhose;Velvet;$39;1
326992500_2;Other;No Size;36;29-38;Female;Pantyhose;Velvet;$39;5
326992601_2;Other;No Size;36;29-38;Female;Pantyhose;Velvet;$39;3
327002700_2;Red;Sheer;1;29-38;Female;One In One Pants;Thin;$35;6
32A004100_2;No Color;No Size;35;29-38;Men;Socks;Invisible Socks;10Yuan;6
32A004200_2;No Color;No Size;35;29-38;Men;Socks;Invisible Socks;10Yuan;6
32A004300_2;No Color;No Size;35;29-38;Men;Socks;Invisible Socks;10Yuan;6
32A004400_2;No Color;No Size;35;29-38;Men;Socks;Invisible Socks;10Yuan;7
32A004500_2;No Color;No Size;35;29-38;Men;Socks;Invisible Socks;10Yuan;8
32A004600_2;No Color;No Size;35;29-38;Men;Socks;Invisible Socks;10Yuan;7
32A004900_2;No Color;No Size;35;29-38;Men;Socks;Invisible Socks;10Yuan;8
32A005000_2;No Color;No Size;35;29-38;Men;Socks;Invisible Socks;10Yuan;4
32A005100_2;No Color;No Size;35;29-38;Men;Socks;Invisible Socks;10Yuan;7
32A005400_2;No Color;No Size;35;29-38;Men;Socks;Invisible Socks;10Yuan;8
32A005500_2;No Color;No Size;35;29-38;Men;Socks;Invisible Socks;10Yuan;8
32A005600_2;No Color;No Size;35;29-38;Men;Socks;Invisible Socks;10Yuan;4
32A005800_2;No Color;No Size;35;29-38;Men;Socks;Invisible Socks;10Yuan;7
32A005900_2;No Color;No Size;35;29-38;Men;Socks;Invisible Socks;10Yuan;6
32A006000_2;No Color;No Size;35;29-38;Men;Socks;Invisible Socks;10Yuan;8
32A006100_2;No Color;No Size;35;29-38;Men;Socks;Invisible Socks;10Yuan;4
32A785322_2;Blue;25cm-27cm;33;18-28;Men;Socks;Stealth Socks;$7;2
32A785323_2;Navy;25cm-27cm;39;18-28;Men;Socks;Stealth Socks;9Yuan;1
32A785324_2;Yellow;25cm-27cm;39;18-28;Men;Socks;Stealth Socks;9Yuan;6
32A785325_2;Green;25cm-27cm;39;18-28;Men;Socks;Stealth Socks;9Yuan;5
32B009900_2;No Color;16cm-18cm;40;7-9;Boys;Socks;Stockings;12Yuan;1
32B997313_2;Light Blue;16cm-18cm;33;4-6;Boys;Socks;Stockings;7Yuan;1
32B997314_2;Light Blue;18cm-20cm;33;7-9;Boys;Socks;Stockings;7Yuan;1
32B997315_2;Light Blue;20cm-22cm;33;10-15;Boys;Socks;Stockings;7Yuan;1
32B997316_2;Black;16cm-18cm;33;4-6;Boys;Socks;Stockings;7Yuan;1
32B997317_2;Black;18cm-20cm;33;7-9;Boys;Socks;Stockings;7Yuan;1
32B997318_2;Black;20cm-22cm;33;10-15;Boys;Socks;Stockings;7Yuan;1
32B997319_2;Blue;16cm-18cm;33;4-6;Boys;Socks;Stockings;9Yuan;1
335048800_2;No Color;22cm-24cm;51;29-38;Female;Socks;Tube Socks;10Yuan;7
335048900_2;No Color;22cm-24cm;51;29-38;Female;Socks;Tube Socks;10Yuan;4
335051400_2;Red;22cm-24cm;53;29-38;Female;Socks;Tube Socks;15Yuan;7
335051600_2;Red;22cm-24cm;53;29-38;Female;Socks;Tube Socks;15Yuan;4
335051700_2;Red;22cm-24cm;53;29-38;Female;Socks;Tube Socks;15Yuan;7
335054400_2;Hot Pink;22cm-24cm;37;29-38;Female;Socks;Tube Socks;15Yuan;3
335054500_2;Date Red;22cm-24cm;33;29-38;Female;Socks;Tube Socks;10Yuan;3
335054600_2;Light Pink;22cm-24cm;33;29-38;Female;Socks;Tube Socks;10Yuan;3
335054700_2;Date Red;22cm-24cm;33;29-38;Female;Socks;Tube Socks;10Yuan;3
335054800_2;Date Red;22cm-24cm;33;29-38;Female;Socks;Tube Socks;10Yuan;3
335054900_2;Light Pink;22cm-24cm;33;29-38;Female;Socks;Tube Socks;10Yuan;3
335055000_2;Hot Pink;22cm-24cm;33;29-38;Female;Socks;Tube Socks;10Yuan;1
335055100_2;Watermelon Red;22cm-24cm;33;29-38;Female;Socks;Tube Socks;10Yuan;3
335055200_2;Red;22cm-24cm;33;29-38;Female;Socks;Tube Socks;10Yuan;3
335055300_2;Hot Pink;22cm-24cm;33;29-38;Female;Socks;Tube Socks;10Yuan;1
335055400_2;Hot Pink;22cm-24cm;33;29-38;Female;Socks;Tube Socks;10Yuan;3
335055500_2;Rose;22cm-24cm;33;29-38;Female;Socks;Tube Socks;10Yuan;3
335055600_2;Other;22cm-24cm;20;29-38;Female;Socks;Tube Socks;10Yuan;1
335055700_2;Other;22cm-24cm;20;29-38;Female;Socks;Tube Socks;10Yuan;2
335055800_2;Other;22cm-24cm;33;29-38;Female;Socks;Tube Socks;10Yuan;1
335055900_2;Watermelon Red;22cm-24cm;33;29-38;Female;Socks;Tube Socks;10Yuan;5
335056100_2;Date Red;22cm-24cm;33;29-38;Female;Socks;Tube Socks;10Yuan;1
335056200_2;Hot Pink;22cm-24cm;33;29-38;Female;Socks;Tube Socks;10Yuan;1
335056300_2;Watermelon Red;22cm-24cm;33;29-38;Female;Socks;Tube Socks;10Yuan;3
335056400_2;Hot Pink;22cm-24cm;33;18-28;Female;Socks;Tube Socks;10Yuan;1
335056500_2;Watermelon Red;22cm-24cm;33;18-28;Female;Socks;Tube Socks;10Yuan;3
335056600_2;Hot Pink;22cm-24cm;33;18-28;Female;Socks;Tube Socks;10Yuan;1
335056700_2;Hot Pink;22cm-24cm;33;18-28;Female;Socks;Tube Socks;10Yuan;3
335056800_2;No Color;22cm-24cm;33;18-28;Female;Socks;Tube Socks;10Yuan;3
335056900_2;Light Green;22cm-24cm;20;18-28;Female;Socks;Tube Socks;10Yuan;1
335057000_2;Watermelon Red;22cm-24cm;20;18-28;Female;Socks;Tube Socks;10Yuan;1
335057100_2;Black;22cm-24cm;33;18-28;Female;Socks;Tube Socks;10Yuan;1
335057200_2;Hot Pink;22cm-24cm;33;18-28;Female;Socks;Tube Socks;10Yuan;1
335057300_2;Hot Pink;22cm-24cm;33;18-28;Female;Socks;Tube Socks;10Yuan;3
335057400_2;White;22cm-24cm;20;18-28;Female;Socks;Tube Socks;10Yuan;1
335057500_2;Light Green;22cm-24cm;33;18-28;Female;Socks;Tube Socks;10Yuan;3
335057600_2;Hot Pink;22cm-24cm;33;18-28;Female;Socks;Tube Socks;10Yuan;3
335057700_2;Blue;22cm-24cm;33;18-28;Female;Socks;Tube Socks;10Yuan;3
335057800_2;Hot Pink;22cm-24cm;33;18-28;Female;Socks;Tube Socks;10Yuan;3
335058200_2;Blue;22cm-24cm;33;18-28;Female;Socks;Tube Socks;10Yuan;3
335058300_2;Hot Pink;22cm-24cm;34;29-38;Female;Socks;Tube Socks;10Yuan;1
335058400_2;Hot Pink;22cm-24cm;34;29-38;Female;Socks;Tube Socks;10Yuan;3
335058500_2;Light Pink;22cm-24cm;34;29-38;Female;Socks;Tube Socks;10Yuan;3
335058600_2;Hot Pink;22cm-24cm;34;29-38;Female;Socks;Tube Socks;10Yuan;3
335058700_2;Date Red;22cm-24cm;34;29-38;Female;Socks;Tube Socks;10Yuan;1
335058800_2;Date Red;22cm-24cm;34;29-38;Female;Socks;Tube Socks;10Yuan;5
335058900_2;Light Pink;22cm-24cm;34;29-38;Female;Socks;Tube Socks;10Yuan;1
335060800_2;Light Pink;22cm-24cm;37;29-38;Female;Socks;Tube Socks;15Yuan;5
32B997320_2;Blue;18cm-20cm;33;7-9;Boys;Socks;Stockings;9Yuan;1
32B997321_2;Blue;20cm-22cm;33;10-15;Boys;Socks;Stockings;9Yuan;1
32B997322_2;Green;16cm-18cm;33;4-6;Boys;Socks;Stockings;7Yuan;1
32B997323_2;Green;18cm-20cm;33;7-9;Boys;Socks;Stockings;7Yuan;1
32B997324_2;Green;20cm-22cm;33;10-15;Boys;Socks;Stockings;7Yuan;1
32B997325_2;Date Red;No Size;39;4-6;Boys;Socks;Stockings;9Yuan;1
32B997326_2;Date Red;No Size;39;7-9;Boys;Socks;Stockings;9Yuan;1
32B997327_2;Date Red;No Size;39;10-15;Boys;Socks;Stockings;9Yuan;3
330005600_2;Other;No Size;4;18-28;Men;Socks;Stockings;19Yuan;2
330005800_2;No Color;No Size;4;18-28;Men;Socks;Stockings;19Yuan;4
330006100_2;Other;No Size;10;18-28;Men;Socks;Stockings;19Yuan;6
330014500_2;Other;No Size;17;29-38;Men;Socks;Stockings;19Yuan;3
330017100_2;Date Red;No Size;35;29-38;Men;Socks;Stockings;$25;4
330017200_2;Date Red;No Size;35;29-38;Men;Socks;Stockings;$25;4
330017500_2;Date Red;No Size;34;29-38;Men;Socks;Stockings;$25;4
330017600_2;Date Red;No Size;35;29-38;Men;Socks;Stockings;19Yuan;7
330017800_2;Black;No Size;35;29-38;Men;Socks;Stockings;19Yuan;4
330017900_2;Cyan;No Size;35;29-38;Men;Socks;Stockings;19Yuan;4
330018100_2;Cyan;No Size;35;29-38;Men;Socks;Stockings;19Yuan;4
330018200_2;Cyan;No Size;35;18-28;Men;Socks;Stockings;$15;7
330018300_2;Cyan;No Size;35;18-28;Men;Socks;Stockings;$15;7
330018400_2;Cyan;No Size;35;18-28;Men;Socks;Stockings;$15;7
330018500_2;Orange;No Size;35;18-28;Men;Socks;Stockings;$15;8
330018600_2;Red;No Size;35;18-28;Men;Socks;Stockings;$15;8
330018800_2;No Color;26cm-28cm;35;18-28;Men;Socks;Stockings;$10;7
330018900_2;No Color;26cm-28cm;35;18-28;Men;Socks;Stockings;$10;8
330020600_2;No Color;26cm-28cm;35;29-38;Men;Socks;Stockings;$10;7
330020700_2;No Color;26cm-28cm;35;29-38;Men;Socks;Stockings;$10;7
330020800_2;Blue;26cm-28cm;35;18-28;Men;Socks;Stockings;$15;7
335061800_2;Hot Pink;22cm-24cm;36;29-38;Female;Socks;Tube Socks;10Yuan;3
335062500_2;Other;22cm-24cm;30;29-38;Female;Socks;Tube Socks;10Yuan;4
335275500_2;No Color;No Size;46;29-38;Female;Socks;Tube Socks;15Yuan;4
335300100_2;No Color;22cm-24cm;46;29-38;Female;Socks;Tube Socks;10Yuan;8
335300400_2;No Color;22cm-24cm;46;29-38;Female;Socks;Tube Socks;10Yuan;8
335322900_2;Red;18cm-20cm;41;18-28;Female;Socks;Stockings;12Yuan;1
335322901_2;Red;18cm-20cm;41;18-28;Female;Socks;Stockings;12Yuan;1
335501700_2;Other;No Size;36;18-28;Female;Socks;Tube Socks;19Yuan;4
335846800_2;Red;18cm-20cm;41;18-28;Female;Socks;Stockings;12Yuan;1
335847000_2;Red;18cm-20cm;41;18-28;Female;Socks;Stockings;12Yuan;1
335871300_2;Red;18cm-20cm;41;18-28;Female;Socks;Stockings;12Yuan;1
335871400_2;Red;18cm-20cm;41;18-28;Female;Socks;Stockings;12Yuan;3
335871500_2;Red;18cm-20cm;41;18-28;Female;Socks;Stockings;12Yuan;3
335871600_2;Red;18cm-20cm;41;18-28;Female;Socks;Stockings;12Yuan;1
335899401_2;Red;18cm-20cm;41;18-28;Female;Socks;Stockings;12Yuan;1
330122906_2;Red;22cm-24cm;38;29-38;Men;Socks;Stockings;12Yuan;4
330753600_2;Red;26cm-28cm;38;29-38;Men;Socks;Stockings;$10;4
330753700_2;Red;26cm-28cm;39;29-38;Men;Socks;Stockings;$10;4
330754000_2;Red;24cm-26cm;42;29-38;Men;Socks;Stockings;12Yuan;7
330754300_2;Red;24cm-26cm;51;29-38;Men;Socks;Stockings;$10;7
330773800_2;Red;22cm-24cm;37;29-38;Men;Socks;Stockings;12Yuan;3
330799401_2;Red;22cm-24cm;38;29-38;Men;Socks;Stockings;12Yuan;4
335970842_2;Navy;22cm-24cm;33;18-28;Female;Socks;Stockings;9Yuan;3
335970843_2;Navy;22cm-24cm;33;18-28;Female;Socks;Stockings;9Yuan;1
335970844_2;Hot Pink;22cm-24cm;41;18-28;Female;Socks;Stockings;9Yuan;6
335970845_2;Date Red;22cm-24cm;33;18-28;Female;Socks;Stockings;9Yuan;1
335970846_2;Navy;22cm-24cm;33;18-28;Female;Socks;Stockings;9Yuan;1
335970847_2;Hot Pink;22cm-24cm;41;18-28;Female;Socks;Stockings;9Yuan;5
335970848_2;Hot Pink;22cm-24cm;41;18-28;Female;Socks;Stockings;9Yuan;1
335970849_2;Date Red;22cm-24cm;41;18-28;Female;Socks;Stockings;9Yuan;1
335970850_2;Blue;22cm-24cm;37;29-38;Female;Socks;Stockings;12Yuan;1
335970851_2;Green;22cm-24cm;37;29-38;Female;Socks;Stockings;12Yuan;3
335970852_2;Cameo;22cm-24cm;37;29-38;Female;Socks;Stockings;12Yuan;3
335970853_2;Hot Pink;22cm-24cm;37;29-38;Female;Socks;Stockings;12Yuan;1
335970858_2;Hot Pink;22cm-24cm;36;29-38;Female;Socks;Stockings;9Yuan;1
335970859_2;Hot Pink;22cm-24cm;36;29-38;Female;Socks;Stockings;9Yuan;1
335970860_2;Hot Pink;22cm-24cm;36;29-38;Female;Socks;Stockings;9Yuan;1
335970861_2;Hot Pink;22cm-24cm;36;29-38;Female;Socks;Stockings;9Yuan;1
335970862_2;Hot Pink;22cm-24cm;33;39-48;Female;Socks;Stockings;12Yuan;1
335970863_2;Purple;22cm-24cm;36;39-48;Female;Socks;Stockings;9Yuan;3
335970864_2;Hot Pink;22cm-24cm;36;39-48;Female;Socks;Stockings;9Yuan;3
335970865_2;Cameo;22cm-24cm;36;39-48;Female;Socks;Stockings;9Yuan;3
335970866_2;Cameo;22cm-24cm;36;39-48;Female;Socks;Stockings;9Yuan;3
335970867_2;Other;22cm-24cm;37;29-38;Female;Socks;Tube Socks;10Yuan;5
335970868_2;Hot Pink;22cm-24cm;37;29-38;Female;Socks;Stockings;12Yuan;3
335970869_2;Brick Red;22cm-24cm;37;18-28;Female;Socks;Tube Socks;15Yuan;3
335970870_2;Date Red;22cm-24cm;38;18-28;Female;Socks;Tube Socks;15Yuan;5
335970871_2;Hot Pink;22cm-24cm;39;18-28;Female;Socks;Tube Socks;15Yuan;5
335970872_2;Date Red;22cm-24cm;39;18-28;Female;Socks;Tube Socks;15Yuan;1
335970873_2;Hot Pink;22cm-24cm;39;29-38;Female;Socks;Stockings;9Yuan;1
335970874_2;Hot Pink;22cm-24cm;39;29-38;Female;Socks;Stockings;9Yuan;1
335970875_2;Hot Pink;22cm-24cm;39;29-38;Female;Socks;Stockings;9Yuan;1
335970876_2;Yellow;22cm-24cm;39;29-38;Female;Socks;Stockings;9Yuan;1
335970877_2;Hot Pink;22cm-24cm;39;18-28;Female;Socks;Tube Socks;15Yuan;1
335970878_2;Navy;22cm-24cm;41;18-28;Female;Socks;Tube Socks;15Yuan;2
336006300_2;No Color;Ultra Sheer;28;29-38;Female;Pantyhose;Core Wrap;9.9Yuan;1
336006400_2;Natural;Ultra Sheer;31;18-28;Female;Pantyhose;Core Material;19Yuan;3
336006500_2;Natural;Ultra Sheer;31;18-28;Female;Pantyhose;Core Material;19Yuan;3
336006600_2;Black;Ultra Sheer;31;18-28;Female;Pantyhose;Core Wrap;25Yuan;3
336006700_2;Black;Ultra Sheer;31;18-28;Female;Pantyhose;Core Wrap;15Yuan;3
336007501_2;No Color;Sheer;35;18-28;Female;Pantyhose;Core Wrap;$11.9;7
336011400_2;Black;Ultra Sheer;35;29-38;Pregnant;Pantyhose;Core Wire;29Yuan;8
336011500_2;Black;Ultra Sheer;35;29-38;Female;Pantyhose;Core Material;19Yuan;4
336011600_2;Black;Ultra Sheer;35;29-38;Female;Pantyhose;Core Wrap;15Yuan;2
336012400_2;Black;Ultra Sheer;35;29-38;Female;Pantyhose;Core Material;19Yuan;4
336012500_2;Natural;Ultra Sheer;35;29-38;Female;Pantyhose;Core Material;19Yuan;4
336012900_2;Black;Ultra Sheer;35;29-38;Female;Pantyhose;Core Material;19Yuan;6
336013300_2;Black;Ultra Sheer;35;29-38;Female;Pantyhose;Core Material;19Yuan;6
336013800_2;Black;Ultra Sheer;35;29-38;Female;Pantyhose;Core Material;19Yuan;4
336014100_2;No Color;Sheer;35;18-28;Female;Pantyhose;Core Wire;19.9Yuan;8
336014300_2;No Color;Sheer;35;18-28;Female;Pantyhose;Core Wire;19.9Yuan;2
331015500_2;White;No Size;35;29-38;Men;Socks;Sock Socks;25Yuan;7
331015700_2;Navy;No Size;35;29-38;Men;Socks;Stockings;19Yuan;4
331015800_2;Navy;24cm-26cm;35;29-38;Men;Socks;Stockings;19Yuan;6
331015900_2;Navy;24cm-26cm;35;18-28;Men;Socks;Stockings;19Yuan;4
331017200_2;No Color;No Size;35;18-28;Men;Socks;Stockings;3.5Yuan;8
331017400_2;No Color;No Size;35;18-28;Men;Socks;Tube Socks;5Yuan;8
331017500_2;No Color;No Size;35;18-28;Men;Socks;Tube Socks;5Yuan;7
331018000_2;Cyan;No Size;33;29-38;Men;Socks;Stockings;19Yuan;4
331018300_2;No Color;No Size;35;29-38;Men;Socks;Tube Socks;10Yuan;4
331018500_2;No Color;No Size;35;18-28;Men;Socks;Tube Socks;10Yuan;7
331020300_2;No Color;No Size;35;29-38;Men;Socks;Stockings;19Yuan;4
331020500_2;No Color;No Size;35;29-38;Men;Socks;Stockings;19Yuan;4
331020600_2;No Color;No Size;35;29-38;Men;Socks;Stockings;19Yuan;4
331020700_2;No Color;No Size;35;29-38;Men;Socks;Stockings;19Yuan;6
331020900_2;No Color;No Size;35;29-38;Men;Socks;Stockings;19Yuan;4
331021100_2;No Color;No Size;35;29-38;Men;Socks;Stockings;19Yuan;4
331021200_2;No Color;No Size;35;29-38;Men;Socks;Stockings;19Yuan;4
331021300_2;No Color;No Size;35;29-38;Men;Socks;Stockings;19Yuan;4
331023200_2;Dark Gray;No Size;35;18-28;Men;Socks;Tube Socks;10Yuan;4
331023300_2;Light Heather Grey;No Size;35;18-28;Men;Socks;Tube Socks;10Yuan;4
331023400_2;White;No Size;35;18-28;Men;Socks;Tube Socks;10Yuan;4
331023700_2;No Color;No Size;33;18-28;Men;Socks;Tube Socks;10Yuan;7
331023900_2;No Color;No Size;35;18-28;Men;Socks;Tube Socks;10Yuan;7
331024300_2;No Color;No Size;33;18-28;Men;Socks;Tube Socks;10Yuan;7
331025400_2;No Color;No Size;33;18-28;Men;Socks;Tube Socks;10Yuan;7
331025900_2;No Color;No Size;35;29-38;Men;Socks;Tube Socks;10Yuan;7
331026300_2;No Color;No Size;33;18-28;Men;Socks;Tube Socks;10Yuan;7
331026700_2;No Color;No Size;33;18-28;Men;Socks;Tube Socks;10Yuan;7
331027200_2;No Color;No Size;33;18-28;Men;Socks;Tube Socks;10Yuan;8
331027300_2;No Color;No Size;35;18-28;Men;Socks;Tube Socks;10Yuan;7
331027400_2;No Color;No Size;35;18-28;Men;Socks;Tube Socks;10Yuan;7
331027600_2;No Color;No Size;33;29-38;Men;Socks;Tube Socks;10Yuan;7
331027700_2;No Color;No Size;33;18-28;Men;Socks;Tube Socks;10Yuan;7
331027800_2;No Color;No Size;35;18-28;Men;Socks;Tube Socks;10Yuan;7
331027900_2;No Color;No Size;33;18-28;Men;Socks;Tube Socks;10Yuan;7
331028200_2;No Color;26cm-28cm;35;18-28;Men;Socks;Tube Socks;10Yuan;7
331028300_2;No Color;26cm-28cm;33;18-28;Men;Socks;Tube Socks;10Yuan;5
331028600_2;No Color;26cm-28cm;33;18-28;Men;Socks;Tube Socks;10Yuan;7
331029000_2;No Color;26cm-28cm;33;18-28;Men;Socks;Tube Socks;10Yuan;7
331029100_2;No Color;26cm-28cm;33;18-28;Men;Socks;Tube Socks;10Yuan;7
331029300_2;No Color;26cm-28cm;35;18-28;Men;Socks;Tube Socks;10Yuan;5
331030100_2;No Color;26cm-28cm;35;29-38;Men;Socks;Tube Socks;10Yuan;7
331030400_2;No Color;26cm-28cm;35;29-38;Men;Socks;Tube Socks;10Yuan;7
331030500_2;No Color;26cm-28cm;33;29-38;Men;Socks;Tube Socks;10Yuan;7
331030600_2;No Color;26cm-28cm;33;29-38;Men;Socks;Tube Socks;10Yuan;7
331030700_2;No Color;26cm-28cm;35;18-28;Men;Socks;Tube Socks;10Yuan;7
336015300_2;Other;Sheer;36;29-38;Female;Pantyhose;Core Wrap;9Yuan;8
336993004_2;Natural;Ultra Sheer;40;29-38;Female;Pantyhose;Core Wrap;15Yuan;8
336993005_2;Natural;Ultra Sheer;40;29-38;Female;Pantyhose;Core Material;19Yuan;8
336993006_2;Natural;Ultra Sheer;40;29-38;Female;Pantyhose;Core Wrap;15Yuan;6
336993007_2;Natural;Ultra Sheer;40;29-38;Female;Pantyhose;Core Wrap;15Yuan;7
336993008_2;Natural;Ultra Sheer;40;29-38;Female;Pantyhose;Core Wrap;15Yuan;8
337001601_2;No Color;Extra Thick;46;29-38;Female;Pantyhose;Velvet;$49;8
337001901_2;No Color;Medium Thick;36;18-28;Female;Pantyhose;Velvet;19Yuan;2
337001902_2;No Color;Medium Thick;39;18-28;Female;Pantyhose;Velvet;19Yuan;3
337002001_2;Other;No Size;36;18-28;Female;Pantyhose;Velvet;19Yuan;4
337002902_2;No Color;Medium Thick;45;29-38;Female;Pantyhose;Velvet;29Yuan;2
337002903_2;No Color;Medium Thick;46;29-38;Female;Pantyhose;Velvet;29Yuan;4
337002904_2;No Color;Medium Thick;46;29-38;Female;Pantyhose;Velvet;29Yuan;2
337002905_2;No Color;Medium Thick;48;29-38;Female;Pantyhose;Velvet;29Yuan;1
337003003_2;Other;No Size;36;18-28;Female;Pantyhose;Velvet;$39;4
337005503_2;Other;No Size;40;18-28;Female;Pantyhose;Velvet;19Yuan;4
337005802_2;Other;No Size;40;18-28;Female;Pantyhose;Velvet;19Yuan;6
337005901_2;No Color;Extra Thick;47;29-38;Female;Pantyhose;Velvet;$59;8
337006001_2;Other;No Size;14;18-28;Female;Pantyhose;Velvet;12Yuan;3
337006401_2;Other;No Size;47;18-28;Female;Pantyhose;Velvet;$69;8
337006901_2;No Color;Medium Thick;45;29-38;Pregnant;Pantyhose;Velvet;69Yuan;2
337009901_2;No Color;Thick;45;29-38;Pregnant;Pantyhose;Velvet;99Yuan;7
337009903_2;No Color;Extra Thick;48;29-38;Female;Pantyhose;Velvet;$99;8
337009905_2;No Color;Extra Thick;49;29-38;Pregnant;Pantyhose;Velvet;99Yuan;8
337011901_2;No Color;Thick;46;29-38;Female;Pantyhose;Velvet;$119;6
337012000_2;Dark Gray;Thick;35;18-28;Female;Pantyhose;Velvet;$35;2
337012200_2;Black;Thick;33;18-28;Female;Pantyhose;Velvet;$39;1
337012700_2;Black;Medium Thick;33;18-28;Female;Pantyhose;Velvet;$45;5
337012800_2;Black;80D;33;18-28;Female;Pantyhose;Velvet;$35;1
337013000_2;Black;80D;33;18-28;Female;Pantyhose;Velvet;29Yuan;1
337013100_2;Black;Ultra Sheer;31;18-28;Female;Pantyhose;Velvet;$35;3
337013200_2;Black;Ultra Sheer;31;18-28;Female;Pantyhose;Velvet;$35;3
337013600_2;No Color;Extra Thick;44;29-38;Female;Pantyhose;Velvet;$39;8
331031600_2;Date Red;26cm-28cm;37;29-38;Men;Socks;Tube Socks;$15;8
331031700_2;Cyan;26cm-28cm;38;29-38;Men;Socks;Tube Socks;$15;4
331031900_2;Cyan;26cm-28cm;38;29-38;Men;Socks;Tube Socks;$15;7
331032100_2;Red;26cm-28cm;38;29-38;Men;Socks;Tube Socks;$15;7
331032200_2;Cyan;26cm-28cm;38;29-38;Men;Socks;Tube Socks;$15;7
331032300_2;Cyan;26cm-28cm;38;29-38;Men;Socks;Tube Socks;$15;4
331032400_2;Cyan;26cm-28cm;38;29-38;Men;Socks;Tube Socks;$15;4
331032500_2;No Color;26cm-28cm;35;29-38;Men;Socks;Stockings;19Yuan;4
331032600_2;No Color;26cm-28cm;35;29-38;Men;Socks;Stockings;19Yuan;4
331033300_2;Other;No Size;37;18-28;Men;Socks;Stockings;3.5Yuan;6
331033400_2;No Color;24cm-26cm;40;29-38;Men;Socks;Stockings;3.5Yuan;8
331033500_2;No Color;24cm-26cm;40;29-38;Men;Socks;Tube Socks;1Yuan;6
331033600_2;Red;24cm-26cm;45;29-38;Men;Socks;Tube Socks;10Yuan;8
331039300_2;No Color;24cm-26cm;35;29-38;Men;Socks;Tube Socks;10Yuan;7
331039400_2;No Color;24cm-26cm;35;29-38;Men;Socks;Tube Socks;10Yuan;7
331039500_2;No Color;24cm-26cm;35;29-38;Men;Socks;Tube Socks;10Yuan;7
331043000_2;No Color;24cm-26cm;50;29-38;Men;Socks;Tube Socks;$15;4
331043200_2;No Color;24cm-26cm;50;29-38;Men;Socks;Tube Socks;$15;6
331043500_2;No Color;24cm-26cm;50;29-38;Men;Socks;Tube Socks;$15;4
331043600_2;No Color;24cm-26cm;50;29-38;Men;Socks;Tube Socks;$15;5
331043700_2;No Color;24cm-26cm;50;29-38;Men;Socks;Tube Socks;$15;4
331043800_2;No Color;24cm-26cm;50;29-38;Men;Socks;Tube Socks;$15;4
331043900_2;No Color;24cm-26cm;50;29-38;Men;Socks;Tube Socks;$15;4
331044000_2;No Color;24cm-26cm;50;29-38;Men;Socks;Tube Socks;$15;4
331044100_2;No Color;24cm-26cm;50;29-38;Men;Socks;Tube Socks;$15;4
331044200_2;No Color;24cm-26cm;50;29-38;Men;Socks;Tube Socks;$15;5
331046500_2;Red;24cm-26cm;53;29-38;Men;Socks;Tube Socks;$15;7
331046700_2;Red;24cm-26cm;53;29-38;Men;Socks;Tube Socks;$15;7
331046900_2;Red;24cm-26cm;53;29-38;Men;Socks;Tube Socks;$15;7
331049100_2;Royal Blue;24cm-26cm;37;29-38;Men;Socks;Tube Socks;$15;3
331049300_2;Date Red;26cm-28cm;33;29-38;Men;Socks;Stockings;19Yuan;1
331049400_2;Black;26cm-28cm;33;29-38;Men;Socks;Stockings;19Yuan;1
331049500_2;Black;26cm-28cm;33;29-38;Men;Socks;Stockings;19Yuan;1
331049600_2;Navy;26cm-28cm;33;29-38;Men;Socks;Stockings;19Yuan;1
331049700_2;Navy;26cm-28cm;33;29-38;Men;Socks;Stockings;19Yuan;1
331049800_2;Green Black;26cm-28cm;33;29-38;Men;Socks;Stockings;19Yuan;1
331049900_2;Navy;26cm-28cm;33;29-38;Men;Socks;Stockings;19Yuan;1
331050100_2;Black;26cm-28cm;33;29-38;Men;Socks;Stockings;19Yuan;1
331050200_2;Blue;26cm-28cm;33;29-38;Men;Socks;Stockings;19Yuan;1
331050300_2;Orange;26cm-28cm;33;29-38;Men;Socks;Tube Socks;10Yuan;1
331050400_2;Sea Blue;26cm-28cm;33;29-38;Men;Socks;Tube Socks;10Yuan;1
331050500_2;Orange;26cm-28cm;33;29-38;Men;Socks;Tube Socks;10Yuan;1
331050700_2;Red;26cm-28cm;33;29-38;Men;Socks;Tube Socks;10Yuan;5
337014600_2;Black;Medium Thick;51;29-38;Female;Pantyhose;Velvet;$39;8
337014800_2;Black;Sheer;34;29-38;Female;Pantyhose;Velvet;29Yuan;5
337014900_2;Black;Sheer;34;29-38;Female;Pantyhose;Velvet;29Yuan;5
337015000_2;Black;Medium Thick;34;29-38;Female;Pantyhose;Velvet;29Yuan;2
337015100_2;Black;Medium Thick;34;29-38;Female;Pantyhose;Velvet;$39;1
337015200_2;Black;Sheer;34;29-38;Female;Pantyhose;Velvet;15Yuan;2
337015300_2;Black;Sheer;34;29-38;Female;Pantyhose;Velvet;19Yuan;2
337015400_2;Black;Sheer;34;29-38;Female;Pantyhose;Velvet;29Yuan;2
337015500_2;Black;Sheer;34;29-38;Female;Pantyhose;Velvet;29Yuan;5
337015600_2;Black;Sheer;34;29-38;Female;Pantyhose;Velvet;$39;2
337015700_2;Black;Sheer;34;29-38;Female;Pantyhose;Velvet;$39;2
337015800_2;Black;Sheer;36;29-38;Female;Pantyhose;Velvet;29Yuan;2
337015900_2;Black;Sheer;36;29-38;Female;Pantyhose;Velvet;29Yuan;2
337016000_2;Black;Sheer;36;29-38;Pregnant;Pantyhose;Velvet;$39;4
337016001_2;Black;Sheer;43;29-38;Female;Pantyhose;Velvet;29Yuan;8
337016100_2;Black;Sheer;36;29-38;Female;Pantyhose;Velvet;$39;2
337016600_2;Black;Medium Thick;37;18-28;Female;Pantyhose;Velvet;12Yuan;8
337016800_2;Natural;Sheer;37;18-28;Female;Pantyhose;Velvet;29Yuan;8
337016900_2;Natural;Sheer;37;18-28;Female;Pantyhose;Velvet;29Yuan;7
337017000_2;Natural;Sheer;37;18-28;Female;Pantyhose;Velvet;19Yuan;8
337017100_2;Natural;Medium Thick;37;18-28;Female;Pantyhose;Velvet;19Yuan;6
337017200_2;Natural;Medium Thick;37;18-28;Female;Pantyhose;Velvet;19Yuan;8
337017300_2;Black;Sheer;39;18-28;Female;Pantyhose;Velvet;19Yuan;2
337017400_2;Black;Sheer;38;18-28;Female;Pantyhose;Velvet;19Yuan;2
337031600_2;No Color;Thick;46;29-38;Female;Pantyhose;Velvet;$149;7
337081300_2;No Color;Medium Thick;48;29-38;Female;Pantyhose;Velvet;$39;4
337081701_2;No Color;Medium Thick;48;29-38;Female;Pantyhose;Velvet;$39;4
337082100_2;No Color;Medium Thick;48;29-38;Female;Pantyhose;Velvet;$39;4
337082301_2;No Color;Medium Thick;48;29-38;Female;Pantyhose;Velvet;$39;4
337082800_2;No Color;Medium Thick;48;29-38;Pregnant;Pantyhose;Velvet;89Yuan;7
337083300_2;Other;No Size;46;29-38;Female;Pantyhose;Velvet;$69;4
337100101_2;Black;Sheer;39;29-38;Female;Pantyhose;Velvet;19Yuan;8
337101000_2;Black;No Size;7;18-28;Female;Pantyhose;Velvet;29Yuan;7
337130200_2;No Color;Extra Thick;42;29-38;Female;Pantyhose;Velvet;$79;2
337135200_2;No Color;Extra Thick;42;29-38;Female;Pantyhose;Velvet;$79;7
337160100_2;Other;No Size;36;18-28;Female;Pantyhose;Velvet;29Yuan;4
337160500_2;No Color;Medium Thick;38;18-28;Female;Pantyhose;Velvet;19Yuan;8
337200200_2;Black;No Size;39;18-28;Female;Pantyhose;Velvet;$59;4
337209000_2;Natural;Sheer;38;18-28;Female;Pantyhose;Velvet;19Yuan;8
337268900_2;No Color;Thick;47;29-38;Female;Pantyhose;Velvet;$59;8
337504200_2;No Color;Medium Thick;40;18-28;Pregnant;Pantyhose;Velvet;19Yuan;1
337509700_2;No Color;Medium Thick;40;18-28;Female;Pantyhose;Velvet;19Yuan;1
337766600_2;No Color;Thick;42;29-38;Female;Pantyhose;Velvet;$69;7
337830502_2;Other;No Size;38;18-28;Female;Pantyhose;Velvet;29Yuan;3
337830503_2;Black;Sheer;40;29-38;Female;Pantyhose;Velvet;19Yuan;1
337830504_2;Black;Medium Thick;40;18-28;Female;Pantyhose;Velvet;25Yuan;1
337831200_2;Black;Sheer;40;29-38;Female;Pantyhose;Velvet;$39;6
337850112_2;No Color;Medium Thick;38;18-28;Female;Pantyhose;Velvet;$49;1
337850607_2;No Color;Medium Thick;38;18-28;Female;Pantyhose;Velvet;$79;1
337850901_2;No Color;Medium Thick;42;29-38;Female;Pantyhose;Velvet;$69;4
337851100_2;No Color;Extra Thick;42;29-38;Female;Pantyhose;Velvet;$99;2
337852600_2;No Color;Extra Thick;42;29-38;Female;Pantyhose;Velvet;$119;6
337852700_2;Other;No Size;47;18-28;Female;Pantyhose;Velvet;$49;7
337861803_2;Black;No Size;39;18-28;Female;Pantyhose;Velvet;7.9Yuan;8
337861804_2;Black;Sheer;37;18-28;Female;Pantyhose;Velvet;15Yuan;8
337880302_2;Black;Medium Thick;42;29-38;Female;Pantyhose;Velvet;$49;1
337880901_2;Black;Medium Thick;42;29-38;Female;Pantyhose;Velvet;$59;2
337882001_2;Black;Medium Thick;42;29-38;Female;Pantyhose;Velvet;$69;2
337882100_2;Black;Medium Thick;42;29-38;Female;Pantyhose;Velvet;$79;2
337882600_2;No Color;Medium Thick;38;18-28;Female;Pantyhose;Velvet;$59;1
337901802_2;Other;No Size;40;29-38;Female;Pantyhose;Velvet;12Yuan;7
337951000_2;Other;No Size;38;18-28;Female;Pantyhose;Velvet;$49;2
337962200_2;Black;Medium Thick;42;29-38;Female;Pantyhose;Velvet;$69;4
331050800_2;Navy;26cm-28cm;33;29-38;Men;Socks;Tube Socks;10Yuan;1
331050900_2;Navy;26cm-28cm;33;29-38;Men;Socks;Tube Socks;10Yuan;1
331051100_2;Navy;26cm-28cm;33;29-38;Men;Socks;Tube Socks;10Yuan;1
331051200_2;Black;26cm-28cm;33;29-38;Men;Socks;Tube Socks;10Yuan;1
331051300_2;Navy;26cm-28cm;33;29-38;Men;Socks;Tube Socks;10Yuan;3
331051301_2;Red;26cm-28cm;33;29-38;Men;Socks;Tube Socks;10Yuan;3
331051500_2;Blue;26cm-28cm;33;29-38;Men;Socks;Tube Socks;10Yuan;1
331051600_2;Black;26cm-28cm;33;29-38;Men;Socks;Tube Socks;10Yuan;1
331051700_2;Navy;26cm-28cm;33;29-38;Men;Socks;Tube Socks;10Yuan;3
331051800_2;Blue;26cm-28cm;33;29-38;Men;Socks;Tube Socks;10Yuan;3
331051900_2;Light Heather Grey;26cm-28cm;33;29-38;Men;Socks;Tube Socks;10Yuan;3
331052100_2;Navy;26cm-28cm;33;29-38;Men;Socks;Tube Socks;10Yuan;3
331052200_2;Navy;26cm-28cm;33;29-38;Men;Socks;Tube Socks;10Yuan;3
331052300_2;Red;26cm-28cm;33;18-28;Men;Socks;Tube Socks;10Yuan;1
331052400_2;Black;26cm-28cm;33;29-38;Men;Socks;Tube Socks;10Yuan;3
331052500_2;Black;26cm-28cm;33;29-38;Men;Socks;Tube Socks;10Yuan;3
331052600_2;Red;26cm-28cm;33;29-38;Men;Socks;Tube Socks;10Yuan;3
331052601_2;Navy;26cm-28cm;33;29-38;Men;Socks;Tube Socks;10Yuan;3
331052700_2;Red;26cm-28cm;33;29-38;Men;Socks;Tube Socks;10Yuan;3
331052800_2;Black;26cm-28cm;33;29-38;Men;Socks;Tube Socks;10Yuan;3
331052900_2;Navy;26cm-28cm;33;29-38;Men;Socks;Tube Socks;10Yuan;3
331053000_2;Black;26cm-28cm;33;29-38;Men;Socks;Tube Socks;10Yuan;1
331053100_2;Navy;26cm-28cm;33;29-38;Men;Socks;Tube Socks;10Yuan;1
331053200_2;Royal Blue;24cm-26cm;37;29-38;Men;Socks;Tube Socks;$15;1
331053400_2;Red;26cm-28cm;33;29-38;Men;Socks;Tube Socks;10Yuan;3
331053500_2;Black;26cm-28cm;33;29-38;Men;Socks;Tube Socks;10Yuan;5
331053600_2;Royal Blue;26cm-28cm;33;29-38;Men;Socks;Tube Socks;10Yuan;1
331053700_2;Red;26cm-28cm;33;29-38;Men;Socks;Tube Socks;10Yuan;5
331053800_2;Navy;26cm-28cm;33;29-38;Men;Socks;Tube Socks;10Yuan;5
331053900_2;Other;26cm-28cm;33;29-38;Men;Socks;Tube Socks;10Yuan;1
331054000_2;Other;26cm-28cm;33;29-38;Men;Socks;Tube Socks;10Yuan;1
331054100_2;Other;26cm-28cm;33;29-38;Men;Socks;Tube Socks;10Yuan;5
331054600_2;Red;26cm-28cm;34;29-38;Men;Socks;Tube Socks;10Yuan;1
331057200_2;Other;24cm-26cm;30;29-38;Men;Socks;Tube Socks;10Yuan;6
331057300_2;Navy;26cm-28cm;34;29-38;Men;Socks;Tube Socks;10Yuan;5
331057400_2;Black;26cm-28cm;38;29-38;Men;Socks;Tube Socks;10Yuan;3
331057500_2;Black;26cm-28cm;38;29-38;Men;Socks;Tube Socks;10Yuan;6
331057600_2;Black;26cm-28cm;38;29-38;Men;Socks;Tube Socks;10Yuan;3
331057700_2;Navy;26cm-28cm;38;29-38;Men;Socks;Tube Socks;10Yuan;5
331057800_2;Black;26cm-28cm;38;29-38;Men;Socks;Tube Socks;10Yuan;3
331058500_2;Red;24cm-26cm;37;29-38;Men;Socks;Stockings;7Yuan;1
331058600_2;Black;24cm-26cm;37;29-38;Men;Socks;Stockings;7Yuan;1
331058700_2;Black;24cm-26cm;37;29-38;Men;Socks;Stockings;7Yuan;5
331122900_2;Red;20cm-22cm;41;18-28;Men;Socks;Stockings;12Yuan;3
331122901_2;Red;20cm-22cm;41;18-28;Men;Socks;Stockings;12Yuan;3
337994912_2;Black;Sheer;32;29-38;Female;Pantyhose;Velvet;$39;3
337994913_2;Black;Sheer;32;29-38;Female;Pantyhose;Velvet;19Yuan;1
338008500_2;Black;Sheer;31;18-28;Female;One-Piece Pants Inside;Thin;$39;1
338008700_2;Black;Sheer;31;18-28;Female;One-Piece Pants Inside;Thin;$39;1
338008800_2;Black;Sheer;31;18-28;Female;One-Piece Pants Inside;Thin;$39;1
338008900_2;Black;Sheer;31;18-28;Female;One-Piece Pants Inside;Thin;$39;1
338009100_2;Black;Sheer;33;29-38;Female;One-Piece Pants Inside;Thin;$99;2
338009300_2;Black;Sheer;33;18-28;Female;One-Piece Pants Inside;Thin;$39;1
338009400_2;Black;Sheer;33;18-28;Female;One-Piece Pants Inside;Thin;$39;1
338009500_2;Black;Sheer;33;18-28;Female;One-Piece Pants Inside;Thin;$39;1
338009600_2;Black;Sheer;33;18-28;Female;One-Piece Pants Inside;Thin;$39;1
338010400_2;Natural;Sheer;33;18-28;Female;One-Piece Pants Inside;Thin;$69;4
338011200_2;No Color;Sheer;35;18-28;Female;One-Piece Pants Inside;Thin;19Yuan;4
338013200_2;Wine Red;Sheer;31;18-28;Female;One Internal Pants;Thin;$45;2
338013300_2;Green Black;Sheer;31;18-28;Female;One Internal Pants;Thin;$45;1
338013700_2;Sheer Rainbow;Sheer;31;18-28;Female;One Internal Pants;Thin;$59;5
338013800_2;Black;Sheer;31;18-28;Female;One-Piece Pants Inside;Thin;$39;2
338014200_2;Gray;Sheer;31;18-28;Female;One Internal Pants;Thin;$59;2
338014300_2;Black;Sheer;31;29-38;Female;One Internal Pants;Thin;$45;5
338014400_2;Black;Sheer;31;29-38;Female;One Internal Pants;Thin;$45;2
338019900_2;Black;Sheer;31;29-38;Female;One In One Pants;Thin;$35;2
338020000_2;Wine Red;Sheer;31;29-38;Female;One In One Pants;Thin;$35;2
338020100_2;Black;Sheer;31;18-28;Female;One Internal Pants;Thin;$45;2
338020500_2;Black;Sheer;31;18-28;Female;One-Piece Pants Inside;Thin;$39;2
338020600_2;Black/Purplish Red;Sheer;31;18-28;Female;One-Piece Pants Inside;Thin;$39;2
338020800_2;Black;Sheer;31;18-28;Female;One Internal Pants;Thin;$45;2
338021200_2;Natural;Sheer;35;18-28;Female;One-Piece Pants Inside;Thin;$39;5
331145300_2;No Color;20cm-22cm;37;29-38;Men;Socks;Tube Socks;$15;7
331440900_2;No Color;No Size;46;29-38;Men;Socks;Stockings;19Yuan;7
331520900_2;No Color;16cm-18cm;38;18-28;Men;Socks;Stockings;12Yuan;4
331700300_2;No Color;24cm-26cm;46;29-38;Men;Socks;Tube Socks;10Yuan;8
331753900_2;Red;20cm-22cm;41;18-28;Men;Socks;Stockings;12Yuan;1
331754100_2;Red;20cm-22cm;41;18-28;Men;Socks;Stockings;12Yuan;1
331783500_2;Red;20cm-22cm;41;18-28;Men;Socks;Stockings;12Yuan;1
331783600_2;Red;20cm-22cm;41;18-28;Men;Socks;Stockings;12Yuan;3
331783700_2;Red;20cm-22cm;41;18-28;Men;Socks;Stockings;12Yuan;1
331783800_2;Red;20cm-22cm;41;18-28;Men;Socks;Stockings;12Yuan;1
331799401_2;Red;20cm-22cm;41;18-28;Men;Socks;Stockings;12Yuan;1
331800103_2;No Color;24cm-26cm;46;29-38;Men;Socks;Tube Socks;$15;7
331900303_2;No Color;24cm-26cm;46;29-38;Men;Socks;Tube Socks;10Yuan;8
331900500_2;No Color;24cm-26cm;46;29-38;Men;Socks;Tube Socks;10Yuan;8
338025900_2;Black;Sheer;32;29-38;Female;One Internal Pants;Thin;$59;1
338026000_2;Black;Sheer;32;29-38;Female;One-Piece Pants Inside;Thin;$39;5
338028200_2;Black;Sheer;34;29-38;Female;One-Piece Pants Inside;Thin;$39;5
338028300_2;Dark Heather Grey;Sheer;34;29-38;Female;One-Piece Pants Inside;Thin;$39;5
338028500_2;Black;Sheer;36;29-38;Female;One-Piece Pants Inside;Thin;$29;1
338880302_2;Other;No Size;43;18-28;Female;One-Piece Pants Inside;Thin;49Yuan;8
331995267_2;Navy;25cm-27cm;33;29-38;Men;Socks;Stockings;9Yuan;3
331995268_2;Black;25cm-27cm;33;29-38;Men;Socks;Stockings;9Yuan;3
331995269_2;Black;25cm-27cm;33;29-38;Men;Socks;Stockings;9Yuan;1
331995270_2;Navy;25cm-27cm;33;29-38;Men;Socks;Stockings;9Yuan;3
331995271_2;Navy;25cm-27cm;33;29-38;Men;Socks;Stockings;9Yuan;1
331995272_2;Date Red;25cm-27cm;33;29-38;Men;Socks;Stockings;9Yuan;1
331995273_2;Blue;25cm-27cm;33;29-38;Men;Socks;Stockings;9Yuan;1
331995274_2;Red;25cm-27cm;33;29-38;Men;Socks;Stockings;9Yuan;1
331995277_2;Navy;25cm-27cm;33;29-38;Men;Socks;Stockings;9Yuan;1
331995278_2;Green Black;25cm-27cm;33;29-38;Men;Socks;Stockings;9Yuan;1
331995281_2;Navy;25cm-27cm;33;39-48;Men;Socks;Stockings;19Yuan;1
331995282_2;Black;25cm-27cm;30;29-38;Men;Socks;Stockings;9Yuan;1
331995283_2;Navy;25cm-27cm;36;29-38;Men;Socks;Stockings;9Yuan;1
331995284_2;Navy;25cm-27cm;36;29-38;Men;Socks;Stockings;9Yuan;1
331995285_2;Royal Blue;25cm-27cm;33;39-48;Men;Socks;Stockings;12Yuan;1
331995286_2;Navy;25cm-27cm;37;29-38;Men;Socks;Stockings;9Yuan;1
331995287_2;Other;25cm-27cm;37;29-38;Men;Socks;Tube Socks;10Yuan;5
331995288_2;Navy;25cm-27cm;33;39-48;Men;Socks;Stockings;19Yuan;3
331995289_2;Navy;25cm-27cm;33;39-48;Men;Socks;Stockings;19Yuan;3
331995290_2;Navy;25cm-27cm;33;39-48;Men;Socks;Stockings;19Yuan;3
331995291_2;Green Black;25cm-27cm;37;29-38;Men;Socks;Stockings;12Yuan;1
331995292_2;Black;25cm-27cm;37;18-28;Men;Socks;Stockings;9Yuan;1
331995293_2;Black;25cm-27cm;36;18-28;Men;Socks;Stockings;9Yuan;3
331995294_2;Navy;25cm-27cm;36;18-28;Men;Socks;Stockings;9Yuan;1
331995295_2;Blue;25cm-27cm;39;29-38;Men;Socks;Stockings;9Yuan;1
331995296_2;Black;25cm-27cm;39;29-38;Men;Socks;Stockings;9Yuan;1
331995297_2;Blue;25cm-27cm;39;29-38;Men;Socks;Stockings;9Yuan;1
338886104_2;Other;No Size;6;29-38;Female;One-Piece Pants Inside;Thin;$39;2
338962200_2;Black;No Size;42;18-28;Female;One-Piece Pants Inside;Thin;$69;2
338980000_2;Other;No Size;6;29-38;Female;One-Piece Pants Inside;Thin;$69;4
339023100_2;Black;Sheer;36;29-38;Female;One-Piece Pants Inside;Thin;15Yuan;2
339024700_2;Black;Sheer;34;29-38;Female;One-Piece Pants Inside;Thin;49Yuan;5
339026900_2;Hot Pink;Sheer;34;29-38;Female;One-Piece Pants Inside;Thin;49Yuan;2
332018100_2;No Color;No Size;35;18-28;Female;Socks;Boat Socks;3.5Yuan;2
332018200_2;No Color;No Size;35;18-28;Female;Socks;Boat Socks;10Yuan;7
332018300_2;No Color;No Size;35;18-28;Female;Socks;Boat Socks;10Yuan;7
332018400_2;No Color;No Size;35;18-28;Female;Socks;Boat Socks;10Yuan;4
332025300_2;Light Pink;22cm-24cm;28;29-38;Female;Socks;Boat Socks;10Yuan;5
332025400_2;Hot Pink;22cm-24cm;20;29-38;Female;Socks;Boat Socks;10Yuan;5
332025500_2;Red;22cm-24cm;28;29-38;Female;Socks;Boat Socks;10Yuan;2
332025600_2;Light Pink;22cm-24cm;26;18-28;Female;Socks;Boat Socks;$7;3
332025700_2;Light Pink;22cm-24cm;26;29-38;Female;Socks;Boat Socks;$7;1
332025800_2;Light Pink;22cm-24cm;26;29-38;Female;Socks;Boat Socks;$7;1
332025900_2;Light Pink;22cm-24cm;21;29-38;Female;Socks;Boat Socks;$7;1
332036100_2;Hot Pink;22cm-24cm;39;29-38;Female;Socks;Boat Socks;$7;8
332036200_2;Black;22cm-24cm;39;29-38;Female;Socks;Boat Socks;$7;8
332036300_2;No Color;22cm-24cm;44;29-38;Female;Socks;Boat Socks;10Yuan;8
332037300_2;No Color;20cm-22cm;37;18-28;Female;Socks;Boat Socks;9Yuan;6
332037400_2;No Color;20cm-22cm;37;18-28;Female;Socks;Boat Socks;9Yuan;6
332037500_2;No Color;20cm-22cm;37;18-28;Female;Socks;Boat Socks;9Yuan;6
332037600_2;No Color;20cm-22cm;37;18-28;Female;Socks;Boat Socks;9Yuan;6
332037900_2;No Color;24cm-26cm;35;18-28;Female;Socks;Boat Socks;9Yuan;6
332038100_2;Hot Pink;22cm-24cm;37;29-38;Female;Socks;Boat Socks;9Yuan;6
332038200_2;No Color;22cm-24cm;40;18-28;Female;Socks;Boat Socks;15Yuan;6
332979747_2;Light Pink;22cm-24cm;34;18-28;Female;Socks;Boat Socks;$7;8
332979750_2;White;22cm-24cm;33;18-28;Female;Socks;Boat Socks;$7;1
332979751_2;Hot Pink;22cm-24cm;34;29-38;Female;Socks;Boat Socks;10Yuan;2
332979752_2;Hot Pink;22cm-24cm;39;18-28;Female;Socks;Boat Socks;9Yuan;5
332979753_2;Hot Pink;22cm-24cm;39;18-28;Female;Socks;Boat Socks;9Yuan;5
332979754_2;Hot Pink;22cm-24cm;39;18-28;Female;Socks;Boat Socks;9Yuan;6
344000500_2;Other;No Size;4;7-9;Boys;Socks;Stockings;19Yuan;4
344000600_2;Other;No Size;4;7-9;Boys;Socks;Stockings;19Yuan;4
344000700_2;Other;No Size;4;7-9;Boys;Socks;Stockings;19Yuan;4
344088200_2;No Color;No Size;3;7-9;Boys;Socks;Stockings;19Yuan;5
344088303_2;No Color;No Size;3;7-9;Boys;Socks;Stockings;19Yuan;4
344088701_2;No Color;No Size;3;7-9;Boys;Socks;Stockings;19Yuan;4
332979755_2;Hot Pink;22cm-24cm;41;18-28;Female;Socks;Boat Socks;9Yuan;6
345008400_2;No Color;No Size;24;7-9;Boys;Socks;Stockings;2.5Yuan;8
345009600_2;No Color;16cm-18cm;38;4-6;Boys;Socks;Tube Socks;15Yuan;4
345009700_2;No Color;16cm-18cm;38;4-6;Boys;Socks;Tube Socks;15Yuan;4
345009800_2;No Color;16cm-18cm;38;4-6;Boys;Socks;Tube Socks;15Yuan;6
345009900_2;No Color;16cm-18cm;38;4-6;Girls;Socks;Tube Socks;15Yuan;7
345010000_2;No Color;16cm-18cm;38;4-6;Girls;Socks;Tube Socks;15Yuan;2
345010100_2;No Color;16cm-18cm;38;4-6;Girls;Socks;Tube Socks;15Yuan;7
345010200_2;No Color;16cm-18cm;38;4-6;Girls;Socks;Tube Socks;15Yuan;7
345010300_2;No Color;16cm-18cm;38;4-6;Girls;Socks;Tube Socks;15Yuan;2
345010500_2;No Color;18cm-20cm;38;7-9;Boys;Socks;Tube Socks;15Yuan;7
345010600_2;No Color;18cm-20cm;38;7-9;Boys;Socks;Tube Socks;15Yuan;4
345010700_2;No Color;18cm-20cm;38;7-9;Boys;Socks;Tube Socks;15Yuan;4
345010800_2;No Color;18cm-20cm;38;7-9;Boys;Socks;Tube Socks;15Yuan;7
345010900_2;No Color;18cm-20cm;38;7-9;Boys;Socks;Tube Socks;15Yuan;4
345011300_2;No Color;18cm-20cm;38;7-9;Girls;Socks;Tube Socks;15Yuan;2
345011600_2;No Color;18cm-20cm;38;7-9;Girls;Socks;Tube Socks;15Yuan;4
345011700_2;No Color;18cm-20cm;38;7-9;Girls;Socks;Tube Socks;15Yuan;4
345011800_2;No Color;18cm-20cm;38;7-9;Girls;Socks;Tube Socks;15Yuan;7
345011900_2;No Color;18cm-20cm;38;7-9;Girls;Socks;Tube Socks;15Yuan;4
345012000_2;No Color;18cm-20cm;38;7-9;Girls;Socks;Tube Socks;15Yuan;7
345012400_2;No Color;18cm-20cm;38;7-9;Girls;Socks;Tube Socks;15Yuan;4
345012500_2;No Color;20cm-22cm;38;10-15;Boys;Socks;Tube Socks;15Yuan;6
345012600_2;No Color;18cm-20cm;38;10-15;Boys;Socks;Tube Socks;15Yuan;7
345012700_2;No Color;20cm-22cm;38;10-15;Boys;Socks;Tube Socks;15Yuan;4
345012800_2;No Color;20cm-22cm;38;10-15;Girls;Socks;Tube Socks;15Yuan;6
345012900_2;No Color;20cm-22cm;38;10-15;Girls;Socks;Tube Socks;15Yuan;6
345013000_2;No Color;20cm-22cm;38;10-15;Girls;Socks;Tube Socks;15Yuan;2
345013500_2;No Color;20cm-22cm;38;10-15;Girls;Socks;Tube Socks;15Yuan;7
345013600_2;No Color;20cm-22cm;38;10-15;Girls;Socks;Tube Socks;15Yuan;4
345018600_2;Other;14cm-16cm;34;4-6;Boys;Socks;Tube Socks;10Yuan;5
345018700_2;Other;16cm-18cm;34;4-6;Boys;Socks;Tube Socks;10Yuan;5
345018800_2;Other;14cm-16cm;34;4-6;Boys;Socks;Tube Socks;10Yuan;5
345018900_2;Other;16cm-18cm;34;4-6;Boys;Socks;Tube Socks;10Yuan;5
345019000_2;Other;14cm-16cm;34;4-6;Boys;Socks;Tube Socks;10Yuan;5
345019100_2;Other;16cm-18cm;34;4-6;Boys;Socks;Tube Socks;10Yuan;1
345019200_2;Other;14cm-16cm;34;4-6;Boys;Socks;Tube Socks;10Yuan;5
345019300_2;Other;16cm-18cm;34;4-6;Boys;Socks;Tube Socks;10Yuan;5
345019400_2;Other;18cm-20cm;34;7-9;Boys;Socks;Tube Socks;10Yuan;1
345019500_2;Other;20cm-22cm;34;10-15;Boys;Socks;Tube Socks;10Yuan;1
345019600_2;Other;18cm-20cm;34;7-9;Boys;Socks;Tube Socks;10Yuan;1
345019700_2;Other;20cm-22cm;34;10-15;Boys;Socks;Tube Socks;10Yuan;5
345019800_2;Other;18cm-20cm;34;7-9;Boys;Socks;Tube Socks;10Yuan;5
345019900_2;Other;20cm-22cm;34;10-15;Boys;Socks;Tube Socks;10Yuan;5
345020600_2;Other;18cm-20cm;34;7-9;Boys;Socks;Tube Socks;10Yuan;1
345020800_2;Other;20cm-22cm;34;10-15;Boys;Socks;Tube Socks;10Yuan;1
345020900_2;Other;18cm-20cm;34;7-9;Boys;Socks;Tube Socks;10Yuan;5
345021000_2;Other;20cm-22cm;34;10-15;Boys;Socks;Tube Socks;10Yuan;5
345021100_2;Other;18cm-20cm;34;7-9;Boys;Socks;Tube Socks;10Yuan;1
345021800_2;Other;20cm-22cm;34;10-15;Boys;Socks;Tube Socks;10Yuan;5
345021900_2;Other;14cm-16cm;34;4-6;Girls;Socks;Tube Socks;10Yuan;5
345022100_2;Other;16cm-18cm;34;4-6;Girls;Socks;Tube Socks;10Yuan;5
345022200_2;Other;14cm-16cm;34;4-6;Girls;Socks;Tube Socks;10Yuan;5
345022400_2;Other;16cm-18cm;34;4-6;Girls;Socks;Tube Socks;10Yuan;5
345022700_2;Other;14cm-16cm;34;4-6;Girls;Socks;Tube Socks;10Yuan;1
345022800_2;Other;16cm-18cm;34;4-6;Girls;Socks;Tube Socks;10Yuan;1
345022900_2;Other;14cm-16cm;34;4-6;Girls;Socks;Tube Socks;10Yuan;1
345023100_2;Other;16cm-18cm;34;4-6;Girls;Socks;Tube Socks;10Yuan;1
345023200_2;Other;18cm-20cm;34;7-9;Girls;Socks;Tube Socks;10Yuan;3
345023700_2;Other;20cm-22cm;34;10-15;Girls;Socks;Tube Socks;10Yuan;3
345023800_2;Other;18cm-20cm;34;7-9;Girls;Socks;Tube Socks;10Yuan;3
345023900_2;Other;20cm-22cm;34;10-15;Girls;Socks;Tube Socks;10Yuan;3
345024100_2;Other;18cm-20cm;34;7-9;Girls;Socks;Tube Socks;10Yuan;1
345024500_2;Other;20cm-22cm;34;10-15;Girls;Socks;Tube Socks;10Yuan;1
345024600_2;Other;18cm-20cm;34;7-9;Girls;Socks;Tube Socks;10Yuan;1
345024700_2;Other;20cm-22cm;34;10-15;Girls;Socks;Tube Socks;10Yuan;1
345024900_2;Other;18cm-20cm;34;7-9;Girls;Socks;Tube Socks;10Yuan;1
345025000_2;Other;20cm-22cm;34;10-15;Girls;Socks;Tube Socks;10Yuan;1
345025100_2;Other;18cm-20cm;34;7-9;Girls;Socks;Tube Socks;10Yuan;1
345025200_2;Other;20cm-22cm;34;10-15;Girls;Socks;Tube Socks;10Yuan;3
345026800_2;Other;14cm-16cm;30;7-9;Boys;Socks;Tube Socks;10Yuan;3
333931547_2;Shrimp Red;22cm-24cm;34;18-28;Female;Socks;Stealth Socks;$7;5
333931548_2;Red;22cm-24cm;34;18-28;Female;Socks;Stealth Socks;$7;6
333931549_2;Blue;22cm-24cm;33;18-28;Female;Socks;Stealth Socks;$7;5
333931550_2;Orange;22cm-24cm;39;18-28;Female;Socks;Stealth Socks;$9;5
333931551_2;Blue;22cm-24cm;39;18-28;Female;Socks;Stealth Socks;$9;5
333931552_2;Hot Pink;22cm-24cm;39;18-28;Female;Socks;Stealth Socks;$9;4
334008400_2;Red;22cm-24cm;39;18-28;Female;Socks;Stockings;$10;7
347000400_2;White;30D;31;7-9;Girls;Pantyhose;Velvet;19Yuan;3
347000500_2;White;30D;31;7-9;Girls;Pantyhose;Velvet;19Yuan;3
347000600_2;Black;30D;31;7-9;Girls;Pantyhose;Velvet;19Yuan;1
347000700_2;Black;30D;31;7-9;Girls;Pantyhose;Velvet;19Yuan;3
348000100_2;No Color;Sheer;33;7-9;Girls;One-Piece Pants;Thin;$15;4
349000100_2;White;Sheer;31;7-9;Girls;One-Piece Pants;Thin;$29;1
349000200_2;White;Sheer;31;7-9;Girls;One-Piece Pants Inside;Thin;$19;3
349000300_2;Gray;Sheer;31;7-9;Girls;One-Piece Pants;Thin;$29;5
349000400_2;Gray;Sheer;31;7-9;Girls;One-Piece Pants;Thin;$29;1
349002500_2;Date Red;Sheer;36;7-9;Girls;One-Piece Pants Inside;Thin;$19;7
349002600_2;Navy;Sheer;36;7-9;Girls;One-Piece Pants Inside;Thin;$19;7
34B000000_2;Lotus Red;No Size;35;39-48;Female;Short Socks;Short Stockings;15Yuan;6
34B850404_2;Natural;22cm-24cm;34;39-48;Female;Short Socks;Short Stockings;7Yuan;4
352000000_2;Black;No Size;35;18-28;Female;Socks;Stockings;29Yuan;7
352000100_2;Black;No Size;35;18-28;Female;Socks;Stockings;19Yuan;7
363000000_2;Navy;Sheer;32;29-38;Female;One-Piece Pants Inside;Thin;$29;1
334244402_2;No Color;No Size;2;29-38;Female;Socks;Stockings;$10;8
334278503_2;No Color;No Size;48;29-38;Female;Socks;Stockings;19Yuan;4
334322904_2;Red;20cm-22cm;38;29-38;Female;Socks;Stockings;$10;7
334846500_2;Red;20cm-22cm;38;29-38;Female;Socks;Stockings;$10;4
334846600_2;Red;20cm-22cm;42;29-38;Female;Socks;Stockings;$10;4
334846900_2;Red;20cm-22cm;38;29-38;Female;Socks;Stockings;$10;4
334859700_2;Red;20cm-22cm;37;29-38;Female;Socks;Stockings;$10;3
334899401_2;Red;20cm-22cm;38;29-38;Female;Socks;Stockings;$10;4
363002100_2;Black;Sheer;36;29-38;Female;One-Piece Pants Inside;Thin;$29;1
363002200_2;Black;Sheer;36;29-38;Female;One-Piece Pants Inside;Thin;$39;1
36D002300_2;Other;22cm-24cm;37;7-9;Girls;Socks;Stockings;9Yuan;4
36D002400_2;No Color;16cm-18cm;40;4-6;Boys;Socks;Tube Socks;15Yuan;2
36D002500_2;No Color;16cm-18cm;40;4-6;Girls;Socks;Stockings;12Yuan;1
36D002600_2;No Color;16cm-18cm;40;4-6;Girls;Socks;Stockings;12Yuan;2
36D002700_2;No Color;18cm-20cm;40;7-9;Girls;Socks;Stockings;12Yuan;5
36D002800_2;No Color;18cm-20cm;40;7-9;Girls;Socks;Stockings;12Yuan;5
36D002900_2;No Color;18cm-20cm;40;7-9;Girls;Socks;Stockings;12Yuan;2
36D003000_2;No Color;18cm-20cm;39;7-9;Girls;Socks;Stockings;12Yuan;2
36D003100_2;No Color;18cm-20cm;40;7-9;Girls;Socks;Stockings;12Yuan;1
36D291701_2;Hot Pink;16cm-18cm;33;4-6;Girls;Socks;Stockings;$7;1
36D291702_2;Hot Pink;18cm-20cm;33;7-9;Girls;Socks;Stockings;$7;1
36D291703_2;Hot Pink;20cm-22cm;33;10-15;Girls;Socks;Stockings;$7;1
36D291704_2;Blue;16cm-18cm;33;4-6;Girls;Socks;Stockings;$7;2
36D291705_2;Blue;18cm-20cm;33;7-9;Girls;Socks;Stockings;$7;1
36D291706_2;Blue;20cm-22cm;33;10-15;Girls;Socks;Stockings;$7;1
36D291707_2;Hot Pink;16cm-18cm;33;4-6;Girls;Socks;Stockings;9Yuan;1
36D291708_2;Hot Pink;18cm-20cm;33;7-9;Girls;Socks;Stockings;9Yuan;1
36D291709_2;Hot Pink;20cm-22cm;33;10-15;Girls;Socks;Stockings;9Yuan;1
36D291710_2;Hot Pink;16cm-18cm;33;4-6;Girls;Socks;Stockings;$7;1
36D291711_2;Hot Pink;18cm-20cm;33;7-9;Girls;Socks;Stockings;$7;1
36D291712_2;Hot Pink;20cm-22cm;33;10-15;Girls;Socks;Stockings;$7;1
36D291714_2;Hot Pink;No Size;39;4-6;Girls;Socks;Stockings;9Yuan;3
36D291715_2;Hot Pink;No Size;39;7-9;Girls;Socks;Stockings;9Yuan;3
36D291716_2;Hot Pink;No Size;39;10-15;Girls;Socks;Stockings;9Yuan;1
3.6E+101_2;No Color;Thick;36;29-38;Pregnant;One-Piece Pants;Thin;49Yuan;7
39D997832_2;Black;No Size;39;7-9;Girls;One-Piece Pants;Thin;$29;7
39D997833_2;Black;No Size;39;10-15;Girls;One-Piece Pants;Thin;$29;7
39D997834_2;Black;No Size;39;10-15;Girls;One-Piece Pants;Thin;$29;7
39D997835_2;Black;No Size;39;7-9;Girls;One-Piece Pants;Thin;$29;6
39D997836_2;Black;No Size;39;10-15;Girls;One-Piece Pants;Thin;$29;6
39D997837_2;Black;No Size;39;10-15;Girls;One-Piece Pants;Thin;$29;7
335004401_2;Hot Pink;22cm-24cm;38;29-38;Female;Socks;Tube Socks;15Yuan;1
335004901_2;No Color;20cm-22cm;35;18-28;Female;Socks;Stockings;$19.9;5
335005001_2;No Color;20cm-22cm;35;18-28;Female;Socks;Stockings;39.9Yuan;5
335007200_2;No Color;22cm-24cm;35;29-38;Female;Socks;Tube Socks;15Yuan;7
335007300_2;No Color;No Size;35;29-38;Female;Socks;Tube Socks;15Yuan;7
335007400_2;No Color;22cm-24cm;35;29-38;Female;Socks;Tube Socks;15Yuan;7
335007500_2;Other;22cm-24cm;35;29-38;Female;Socks;Tube Socks;15Yuan;7
335007600_2;No Color;22cm-24cm;35;29-38;Female;Socks;Tube Socks;15Yuan;7
335008101_2;No Color;20cm-22cm;35;18-28;Female;Socks;Tube Socks;19Yuan;6
335008200_2;No Color;22cm-24cm;35;29-38;Female;Socks;Tube Socks;15Yuan;7
335008400_2;Other;22cm-24cm;35;29-38;Female;Socks;Tube Socks;15Yuan;8
335008500_2;No Color;22cm-24cm;35;29-38;Female;Socks;Tube Socks;15Yuan;8
335008900_2;Other;22cm-24cm;35;29-38;Female;Socks;Tube Socks;15Yuan;7
335009300_2;No Color;No Size;33;29-38;Female;Socks;Stockings;2.5Yuan;4
335009700_2;No Color;No Size;33;18-28;Female;Socks;Stockings;2.5Yuan;8
335010700_2;No Color;No Size;35;18-28;Female;Socks;Stockings;3.5Yuan;8
335010900_2;No Color;No Size;35;18-28;Female;Socks;Tube Socks;5Yuan;1
335011700_2;No Color;No Size;35;18-28;Female;Socks;Tube Socks;5Yuan;8
335012400_2;Hot Pink;No Size;35;18-28;Female;Socks;Tube Socks;10Yuan;4
335012600_2;Hot Pink;No Size;35;18-28;Female;Socks;Tube Socks;10Yuan;4
335012700_2;Hot Pink;No Size;35;18-28;Female;Socks;Tube Socks;10Yuan;4
335012800_2;No Color;No Size;35;18-28;Female;Socks;Tube Socks;10Yuan;7
335013000_2;No Color;No Size;35;18-28;Female;Socks;Tube Socks;10Yuan;8
335013300_2;No Color;No Size;35;18-28;Female;Socks;Tube Socks;10Yuan;8
335013500_2;No Color;No Size;35;18-28;Female;Socks;Tube Socks;10Yuan;7
335013800_2;No Color;No Size;35;18-28;Female;Socks;Tube Socks;10Yuan;7
335013900_2;No Color;No Size;35;18-28;Female;Socks;Tube Socks;10Yuan;7
335014000_2;No Color;No Size;35;18-28;Female;Socks;Tube Socks;10Yuan;7
335014100_2;No Color;No Size;35;18-28;Female;Socks;Tube Socks;10Yuan;7
335014200_2;No Color;No Size;35;18-28;Female;Socks;Tube Socks;10Yuan;7
335014300_2;No Color;No Size;35;18-28;Female;Socks;Tube Socks;10Yuan;7
335014400_2;No Color;No Size;35;18-28;Female;Socks;Tube Socks;10Yuan;2
335014500_2;No Color;No Size;35;18-28;Female;Socks;Tube Socks;10Yuan;7
335014700_2;No Color;No Size;35;18-28;Female;Socks;Tube Socks;10Yuan;7
335014800_2;No Color;No Size;35;18-28;Female;Socks;Tube Socks;10Yuan;7
335015200_2;No Color;No Size;35;18-28;Female;Socks;Tube Socks;10Yuan;8
335015400_2;No Color;No Size;35;18-28;Female;Socks;Tube Socks;10Yuan;7
335015500_2;No Color;No Size;35;18-28;Female;Socks;Tube Socks;10Yuan;7
335016200_2;No Color;No Size;35;18-28;Female;Socks;Tube Socks;10Yuan;8
335016300_2;No Color;No Size;35;18-28;Female;Socks;Tube Socks;10Yuan;4
335016500_2;No Color;No Size;35;18-28;Female;Socks;Tube Socks;10Yuan;7
335016600_2;No Color;No Size;35;18-28;Female;Socks;Tube Socks;10Yuan;8
335016800_2;No Color;No Size;35;18-28;Female;Socks;Tube Socks;10Yuan;7
335016900_2;No Color;No Size;35;18-28;Female;Socks;Tube Socks;10Yuan;7
335017100_2;No Color;No Size;35;18-28;Female;Socks;Tube Socks;10Yuan;6
335017200_2;No Color;No Size;35;18-28;Female;Socks;Tube Socks;10Yuan;7
335017300_2;No Color;No Size;35;18-28;Female;Socks;Tube Socks;10Yuan;7
335018100_2;No Color;No Size;35;29-38;Female;Socks;Tube Socks;10Yuan;8
335018500_2;No Color;No Size;35;29-38;Female;Socks;Tube Socks;10Yuan;4
335019600_2;No Color;22cm-24cm;35;29-38;Female;Socks;Tube Socks;10Yuan;7
335019900_2;No Color;22cm-24cm;35;18-28;Female;Socks;Tube Socks;10Yuan;7
335020000_2;No Color;22cm-24cm;35;18-28;Female;Socks;Tube Socks;10Yuan;7
335020200_2;No Color;22cm-24cm;35;18-28;Female;Socks;Tube Socks;10Yuan;2
335020300_2;No Color;22cm-24cm;35;18-28;Female;Socks;Tube Socks;10Yuan;4
335020800_2;No Color;22cm-24cm;35;29-38;Female;Socks;Tube Socks;10Yuan;7
335020900_2;No Color;22cm-24cm;35;29-38;Female;Socks;Tube Socks;10Yuan;7
335021000_2;No Color;22cm-24cm;35;18-28;Female;Socks;Tube Socks;10Yuan;7
335021100_2;No Color;22cm-24cm;35;18-28;Female;Socks;Tube Socks;10Yuan;4
335021301_2;Hot Pink;22cm-24cm;39;29-38;Female;Socks;Stockings;9Yuan;4
335021401_2;Hot Pink;22cm-24cm;39;29-38;Female;Socks;Stockings;9Yuan;5
335021501_2;Purple;22cm-24cm;39;29-38;Female;Socks;Stockings;9Yuan;4
335021601_2;Purple;22cm-24cm;39;29-38;Female;Socks;Stockings;9Yuan;4
335021901_2;Hot Pink;22cm-24cm;39;29-38;Female;Socks;Stockings;9Yuan;5
335022001_2;Gray;22cm-24cm;39;29-38;Female;Socks;Stockings;9Yuan;4
335022101_2;Hot Pink;22cm-24cm;39;29-38;Female;Socks;Stockings;9Yuan;4
335022201_2;Dark Heather Grey;22cm-24cm;39;29-38;Female;Socks;Stockings;9Yuan;5
335022301_2;Hot Pink;22cm-24cm;39;29-38;Female;Socks;Stockings;9Yuan;1
335022401_2;Hot Pink;22cm-24cm;39;29-38;Female;Socks;Stockings;9Yuan;5
335022501_2;Hot Pink;22cm-24cm;39;29-38;Female;Socks;Stockings;7Yuan;5
335022601_2;Hot Pink;22cm-24cm;39;29-38;Female;Socks;Stockings;7Yuan;4
335022701_2;Black;22cm-24cm;39;29-38;Female;Socks;Stockings;9Yuan;4
335022900_2;No Color;22cm-24cm;35;18-28;Female;Socks;Tube Socks;10Yuan;6
335023000_2;No Color;22cm-24cm;35;18-28;Female;Socks;Tube Socks;10Yuan;7
335023200_2;No Color;22cm-24cm;35;29-38;Female;Socks;Tube Socks;10Yuan;7
335023300_2;No Color;22cm-24cm;35;29-38;Female;Socks;Tube Socks;10Yuan;7
335025200_2;No Color;22cm-24cm;35;18-28;Female;Socks;Tube Socks;10Yuan;4
335025300_2;No Color;22cm-24cm;35;18-28;Female;Socks;Tube Socks;10Yuan;4
335025400_2;No Color;22cm-24cm;35;18-28;Female;Socks;Tube Socks;10Yuan;4
335025600_2;No Color;22cm-24cm;35;18-28;Female;Socks;Tube Socks;10Yuan;4
335025700_2;No Color;22cm-24cm;35;18-28;Female;Socks;Tube Socks;10Yuan;6
335025800_2;No Color;22cm-24cm;35;18-28;Female;Socks;Tube Socks;10Yuan;6
335026000_2;No Color;22cm-24cm;35;18-28;Female;Socks;Tube Socks;10Yuan;7
335026100_2;No Color;22cm-24cm;35;18-28;Female;Socks;Tube Socks;10Yuan;4
335026200_2;No Color;22cm-24cm;35;18-28;Female;Socks;Tube Socks;10Yuan;4
335027400_2;No Color;22cm-24cm;35;18-28;Female;Socks;Tube Socks;15Yuan;8
335027500_2;No Color;22cm-24cm;35;29-38;Female;Socks;Tube Socks;15Yuan;7
335029700_2;No Color;22cm-24cm;35;18-28;Female;Socks;Tube Socks;10Yuan;8
335029800_2;No Color;22cm-24cm;35;29-38;Female;Socks;Tube Socks;10Yuan;8
335030700_2;Red;22cm-24cm;37;29-38;Female;Socks;Tube Socks;15Yuan;8
335030900_2;Hot Pink;22cm-24cm;38;29-38;Female;Socks;Tube Socks;15Yuan;8
335031000_2;Hot Pink;22cm-24cm;38;29-38;Female;Socks;Tube Socks;15Yuan;7
335031100_2;Hot Pink;22cm-24cm;38;18-28;Female;Socks;Tube Socks;15Yuan;8
335031200_2;Hot Pink;22cm-24cm;38;29-38;Female;Socks;Tube Socks;15Yuan;8
335031900_2;Other;No Size;37;18-28;Female;Socks;Stockings;3.5Yuan;8
335032100_2;Red;22cm-24cm;45;29-38;Female;Socks;Tube Socks;10Yuan;7
335035300_2;No Color;22cm-24cm;35;29-38;Female;Socks;Tube Socks;10Yuan;7
335035500_2;No Color;22cm-24cm;35;29-38;Female;Socks;Tube Socks;10Yuan;7
335035600_2;No Color;22cm-24cm;35;29-38;Female;Socks;Tube Socks;10Yuan;7
335035700_2;No Color;22cm-24cm;35;29-38;Female;Socks;Tube Socks;10Yuan;7
335035800_2;No Color;22cm-24cm;35;29-38;Female;Socks;Tube Socks;10Yuan;4
335035900_2;No Color;22cm-24cm;35;29-38;Female;Socks;Tube Socks;10Yuan;8
335036100_2;No Color;22cm-24cm;35;29-38;Female;Socks;Tube Socks;10Yuan;7
335036300_2;No Color;22cm-24cm;35;29-38;Female;Socks;Tube Socks;10Yuan;7
335036400_2;No Color;22cm-24cm;35;29-38;Female;Socks;Tube Socks;10Yuan;8
335036500_2;No Color;22cm-24cm;35;29-38;Female;Socks;Tube Socks;10Yuan;7
335036700_2;No Color;22cm-24cm;35;29-38;Female;Socks;Tube Socks;10Yuan;8
335036800_2;No Color;22cm-24cm;35;29-38;Female;Socks;Tube Socks;10Yuan;7
335036900_2;No Color;22cm-24cm;35;29-38;Female;Socks;Tube Socks;10Yuan;8
335040501_2;No Color;24cm-26cm;37;18-28;Female;Socks;Stockings;9Yuan;4
335040601_2;No Color;22cm-24cm;40;18-28;Female;Socks;Tube Socks;15Yuan;1
335040701_2;No Color;22cm-24cm;40;18-28;Female;Socks;Tube Socks;15Yuan;1
335040801_2;No Color;22cm-24cm;40;18-28;Female;Socks;Tube Socks;15Yuan;2
335041001_2;No Color;16cm-18cm;40;4-6;Girls;Socks;Stockings;12Yuan;2
335041101_2;No Color;16cm-18cm;40;4-6;Girls;Socks;Stockings;12Yuan;5
335041200_2;No Color;22cm-24cm;50;29-38;Female;Socks;Tube Socks;15Yuan;7
335041300_2;No Color;22cm-24cm;50;29-38;Female;Socks;Tube Socks;15Yuan;6
335041400_2;No Color;22cm-24cm;50;29-38;Female;Socks;Tube Socks;15Yuan;2
335041500_2;No Color;22cm-24cm;50;29-38;Female;Socks;Tube Socks;15Yuan;6
335041600_2;No Color;22cm-24cm;50;29-38;Female;Socks;Tube Socks;15Yuan;6
335041700_2;No Color;22cm-24cm;50;29-38;Female;Socks;Tube Socks;15Yuan;6
335041800_2;No Color;22cm-24cm;50;29-38;Female;Socks;Tube Socks;15Yuan;6
335042700_2;No Color;22cm-24cm;50;29-38;Female;Socks;Tube Socks;15Yuan;4
335042800_2;No Color;22cm-24cm;50;29-38;Female;Socks;Tube Socks;15Yuan;4
335042900_2;No Color;22cm-24cm;50;29-38;Female;Socks;Tube Socks;15Yuan;6
335043000_2;No Color;22cm-24cm;50;29-38;Female;Socks;Tube Socks;15Yuan;8
335043100_2;No Color;22cm-24cm;50;29-38;Female;Socks;Tube Socks;15Yuan;6
335043200_2;No Color;22cm-24cm;50;29-38;Female;Socks;Tube Socks;15Yuan;6
335043300_2;No Color;22cm-24cm;50;29-38;Female;Socks;Tube Socks;15Yuan;7
335043401_2;No Color;18cm-20cm;40;7-9;Girls;Socks;Stockings;12Yuan;2
328956402_2;Other;26cm-28cm;41;29-38;Men;Socks;Boat Socks;10Yuan;6
328956403_2;Other;26cm-28cm;41;29-38;Men;Socks;Boat Socks;10Yuan;8
328956404_2;Other;26cm-28cm;41;29-38;Men;Socks;Boat Socks;10Yuan;6
328956405_2;Other;26cm-28cm;41;29-38;Men;Socks;Boat Socks;10Yuan;6
328956452_2;Navy;25cm-27cm;30;18-28;Men;Socks;Boat Socks;9Yuan;1
328956453_2;Date Red;25cm-27cm;30;18-28;Men;Socks;Boat Socks;9Yuan;1
328956454_2;Navy;25cm-27cm;30;18-28;Men;Socks;Boat Socks;9Yuan;5
328956455_2;Navy;25cm-27cm;30;18-28;Men;Socks;Boat Socks;9Yuan;5
328956456_2;Navy;25cm-27cm;36;18-28;Men;Socks;Boat Socks;9Yuan;5
328956457_2;Blue;25cm-27cm;36;18-28;Men;Socks;Boat Socks;9Yuan;4
328956458_2;Blue;25cm-27cm;33;18-28;Men;Socks;Boat Socks;9Yuan;5
328956459_2;Green Black;25cm-27cm;33;18-28;Men;Socks;Boat Socks;9Yuan;5
328956460_2;Wine Red;25cm-27cm;30;18-28;Men;Socks;Boat Socks;9Yuan;4
328956461_2;Light Blue;25cm-27cm;34;29-38;Men;Socks;Boat Socks;10Yuan;2
328956462_2;Black;25cm-27cm;37;18-28;Men;Socks;Boat Socks;9Yuan;6
328956463_2;Navy;25cm-27cm;37;18-28;Men;Socks;Boat Socks;9Yuan;6
328956464_2;Black;25cm-27cm;39;18-28;Men;Socks;Boat Socks;9Yuan;1
328956465_2;Black;25cm-27cm;39;18-28;Men;Socks;Boat Socks;9Yuan;1
328956466_2;Navy;25cm-27cm;39;18-28;Men;Socks;Boat Socks;9Yuan;3
328956467_2;Blue;25cm-27cm;39;18-28;Men;Socks;Boat Socks;9Yuan;6
328956468_2;Navy;25cm-27cm;39;18-28;Men;Socks;Boat Socks;9Yuan;1
328956469_2;Navy;25cm-27cm;39;18-28;Men;Socks;Boat Socks;9Yuan;6
